go
CREATE DATABASE Olympics;
go
USE Olympics;

CREATE TABLE city (
  id int not null,
  city_name varchar(200) DEFAULT NULL,
  PRIMARY KEY (id)
)

INSERT INTO city VALUES (1,'Barcelona'),(2,'London'),(3,'Antwerpen'),(4,'Paris'),(5,'Calgary'),(6,'Albertville'),(7,'Lillehammer'),(8,'Los Angeles'),(9,'Salt Lake City'),(10,'Helsinki'),(11,'Lake Placid'),(12,'Sydney'),(13,'Atlanta'),(14,'Stockholm'),(15,'Sochi'),(16,'Nagano'),(17,'Torino'),(18,'Beijing'),(19,'Rio de Janeiro'),(20,'Athina'),(21,'Squaw Valley'),(22,'Innsbruck'),(23,'Sarajevo'),(24,'Mexico City'),(25,'Munich'),(26,'Seoul'),(27,'Berlin'),(28,'Oslo'),(29,'Cortina'),(30,'Melbourne'),(31,'Roma'),(32,'Amsterdam'),(33,'Montreal'),(34,'Moskva'),(35,'Tokyo'),(36,'Vancouver'),(37,'Grenoble'),(38,'Sapporo'),(39,'Chamonix'),(40,'St. Louis'),(41,'Sankt Moritz'),(42,'Garmisch-Partenkirchen');

------------------------------------
CREATE TABLE noc_region (
  id int NOT NULL,
  noc varchar(5) DEFAULT NULL,
  region_name varchar(200) DEFAULT NULL,
  PRIMARY KEY (id)
) 

INSERT INTO noc_region VALUES (1,'AFG','Afghanistan'),(2,'AHO','Netherlands Antilles'),(3,'ALB','Albania'),(4,'ALG','Algeria'),(5,'AND','Andorra'),(6,'ANG','Angola'),(7,'ANT','Antigua and Barbuda'),(8,'ANZ','Australasia'),(9,'ARG','Argentina'),(10,'ARM','Armenia'),(11,'ARU','Aruba'),(12,'ASA','American Samoa'),(13,'AUS','Australia'),(14,'AUT','Austria'),(15,'AZE','Azerbaijan'),(16,'BAH','Bahamas'),(17,'BAN','Bangladesh'),(18,'BAR','Barbados'),(19,'BDI','Burundi'),(20,'BEL','Belgium'),(21,'BEN','Benin'),(22,'BER','Bermuda'),(23,'BHU','Bhutan'),(24,'BIH','Bosnia and Herzegovina'),(25,'BIZ','Belize'),(26,'BLR','Belarus'),(27,'BOH','Bohemia'),(28,'BOL','Boliva'),(29,'BOT','Botswana'),(30,'BRA','Brazil'),(31,'BRN','Bahrain'),(32,'BRU','Brunei'),(33,'BUL','Bulgaria'),(34,'BUR','Burkina Faso'),(35,'CAF','Central African Republic'),(36,'CAM','Cambodia'),(37,'CAN','Canada'),(38,'CAY','Cayman Islands'),(39,'CGO','Republic of Congo'),(40,'CHA','Chad'),(41,'CHI','Chile'),(42,'CHN','China'),(43,'CIV','Ivory Coast'),(44,'CMR','Cameroon'),(45,'COD','Democratic Republic of the Congo'),(46,'COK','Cook Islands'),(47,'COL','Colombia'),(48,'COM','Comoros'),(49,'CPV','Cape Verde'),(50,'CRC','Costa Rica'),(51,'CRO','Croatia'),(52,'CRT','Crete'),(53,'CUB','Cuba'),(54,'CYP','Cyprus'),(55,'CZE','Czech Republic'),(56,'DEN','Denmark'),(57,'DJI','Djibouti'),(58,'DMA','Dominica'),(59,'DOM','Dominican Republic'),(60,'ECU','Ecuador'),(61,'EGY','Egypt'),(62,'ERI','Eritrea'),(63,'ESA','El Salvador'),(64,'ESP','Spain'),(65,'EST','Estonia'),(66,'ETH','Ethiopia'),(67,'EUN','Unified Team'),(68,'FIJ','Fiji'),(69,'FIN','Finland'),(70,'FRA','France'),(71,'FRG','West Germany'),(72,'FSM','Micronesia'),(73,'GAB','Gabon'),(74,'GAM','Gambia'),(75,'GBR','UK'),(76,'GBS','Guinea-Bissau'),(77,'GDR','East Germany'),(78,'GEO','Georgia'),(79,'GEQ','Equatorial Guinea'),(80,'GER','Germany'),(81,'GHA','Ghana'),(82,'GRE','Greece'),(83,'GRN','Grenada'),(84,'GUA','Guatemala'),(85,'GUI','Guinea'),(86,'GUM','Guam'),(87,'GUY','Guyana'),(88,'HAI','Haiti'),(89,'HKG','Hong Kong'),(90,'HON','Honduras'),(91,'HUN','Hungary'),(92,'INA','Indonesia'),(93,'IND','India'),(94,'IOA','Individual Olympic Athletes'),(95,'IRI','Iran'),(96,'IRL','Ireland'),(97,'IRQ','Iraq'),(98,'ISL','Iceland'),(99,'ISR','Israel'),(100,'ISV','Virgin Islands'),(101,'ITA','Italy'),(102,'IVB','Virgin Islands, British'),(103,'JAM','Jamaica'),(104,'JOR','Jordan'),(105,'JPN','Japan'),(106,'KAZ','Kazakhstan'),(107,'KEN','Kenya'),(108,'KGZ','Kyrgyzstan'),(109,'KIR','Kiribati'),(110,'KOR','South Korea'),(111,'KOS','Kosovo'),(112,'KSA','Saudi Arabia'),(113,'KUW','Kuwait'),(114,'LAO','Laos'),(115,'LAT','Latvia'),(116,'LBA','Libya'),(117,'LBR','Liberia'),(118,'LCA','Saint Lucia'),(119,'LES','Lesotho'),(120,'LIB','Lebanon'),(121,'LIE','Liechtenstein'),(122,'LTU','Lithuania'),(123,'LUX','Luxembourg'),(124,'MAD','Madagascar'),(125,'MAL','Malaya'),(126,'MAR','Morocco'),(127,'MAS','Malaysia'),(128,'MAW','Malawi'),(129,'MDA','Moldova'),(130,'MDV','Maldives'),(131,'MEX','Mexico'),(132,'MGL','Mongolia'),(133,'MHL','Marshall Islands'),(134,'MKD','Macedonia'),(135,'MLI','Mali'),(136,'MLT','Malta'),(137,'MNE','Montenegro'),(138,'MON','Monaco'),(139,'MOZ','Mozambique'),(140,'MRI','Mauritius'),(141,'MTN','Mauritania'),(142,'MYA','Myanmar'),(143,'NAM','Namibia'),(144,'NBO','North Borneo'),(145,'NCA','Nicaragua'),(146,'NED','Netherlands'),(147,'NEP','Nepal'),(148,'NFL','Newfoundland'),(149,'NGR','Nigeria'),(150,'NIG','Niger'),(151,'NOR','Norway'),(152,'NRU','Nauru'),(153,'NZL','New Zealand'),(154,'OMA','Oman'),(155,'PAK','Pakistan'),(156,'PAN','Panama'),(157,'PAR','Paraguay'),(158,'PER','Peru'),(159,'PHI','Philippines'),(160,'PLE','Palestine'),(161,'PLW','Palau'),(162,'PNG','Papua New Guinea'),(163,'POL','Poland'),(164,'POR','Portugal'),(165,'PRK','North Korea'),(166,'PUR','Puerto Rico'),(167,'QAT','Qatar'),(168,'RHO','Zimbabwe (Rhodesia)'),(169,'ROT','Refugee Olympic Team'),(170,'ROU','Romania'),(171,'RSA','South Africa'),(172,'RUS','Russia'),(173,'RWA','Rwanda'),(174,'SAA','Saar'),(175,'SAM','Samoa'),(176,'SCG','Serbia and Montenegro'),(177,'SEN','Senegal'),(178,'SEY','Seychelles'),(179,'SIN','Singapore'),(180,'SKN','Turks and Caicos Islands'),(181,'SLE','Sierra Leone'),(182,'SLO','Slovenia'),(183,'SMR','San Marino'),(184,'SOL','Solomon Islands'),(185,'SOM','Somalia'),(186,'SRB','Serbia'),(187,'SRI','Sri Lanka'),(188,'SSD','South Sudan'),(189,'STP','Sao Tome and Principe'),(190,'SUD','Sudan'),(191,'SUI','Switzerland'),(192,'SUR','Suriname'),(193,'SVK','Slovakia'),(194,'SWE','Sweden'),(195,'SWZ','Swaziland'),(196,'SYR','Syria'),(197,'TAN','Tanzania'),(198,'TCH','Czechoslovakia'),(199,'TGA','Tonga'),(200,'THA','Thailand'),(201,'TJK','Tajikistan'),(202,'TKM','Turkmenistan'),(203,'TLS','Timor-Leste'),(204,'TOG','Togo'),(205,'TPE','Taiwan'),(206,'TTO','Trinidad and Tobago'),(207,'TUN','Tunisia'),(208,'TUR','Turkey'),(209,'TUV','Tuvalu'),(210,'UAE','United Arab Emirates'),(211,'UAR','United Arab Republic'),(212,'UGA','Uganda'),(213,'UKR','Ukraine'),(214,'UNK','Unknown'),(215,'URS','Soviet Union'),(216,'URU','Uruguay'),(217,'USA','USA'),(218,'UZB','Uzbekistan'),(219,'VAN','Vanuatu'),(220,'VEN','Venezuela'),(221,'VIE','Vietnam'),(222,'VIN','Saint Vincent'),(223,'VNM','Vietnam (pre)'),(224,'WIF','West Indies Federation'),(225,'YAR','North Yemen'),(226,'YEM','Yemen'),(227,'YMD','South Yemen'),(228,'YUG','Yugoslavia'),(229,'ZAM','Zambia'),(230,'ZIM','Zimbabwe'),(256,'SGP','Singapore');

----------------------------------------------
CREATE TABLE person (
  id int NOT NULL,
  full_name varchar(500) DEFAULT NULL,
  gender varchar(10) DEFAULT NULL,
  height int DEFAULT NULL,
  weight int DEFAULT NULL,
  PRIMARY KEY (id)
)
--1817
go
INSERT INTO person VALUES (1,'A Dijiang','M',180,80),(2,'A Lamusi','M',170,60),(3,'Gunnar Nielsen Aaby','M',0,0),(4,'Edgar Lindenau Aabye','M',0,0),(5,'Christine Jacoba Aaftink','F',185,82),(6,'Per Knut Aaland','M',188,75),(7,'John Aalberg','M',183,72),(8,'Cornelia \"Cor\"\" Aalten (-Strannood)\"','F',168,0),(9,'Antti Sami Aalto','M',186,96),(10,'Einar Ferdinand \"Einari\"\" Aalto\"','M',0,0),(11,'Jorma Ilmari Aalto','M',182,77),(12,'Jyri Tapani Aalto','M',172,70),(13,'Minna Maarit Aalto','F',159,56),(14,'Pirjo Hannele Aalto (Mattila-)','F',171,65),(15,'Arvo Ossian Aaltonen','M',0,0),(16,'Juhamatti Tapio Aaltonen','M',184,85),(17,'Paavo Johannes Aaltonen','M',175,64),(18,'Timo Antero Aaltonen','M',189,130),(19,'Win Valdemar Aaltonen','M',0,0),(20,'Kjetil Andr Aamodt','M',176,85),(21,'Ragnhild Margrethe Aamodt','F',163,0),(22,'Andreea Aanei','F',170,125),(23,'Fritz Aanes','M',187,89),(24,'Nils Egil Aaness','M',0,0),(25,'Alf Lied Aanning','M',0,0),(26,'Agnes Erika Aanonsen (-Eyde)','F',169,65),(27,'Johan Aantjes','M',0,0),(28,'Jan-Erik Aarberg','M',170,77),(29,'Willemien Aardenburg','F',0,0),(30,'Pepijn Aardewijn','M',189,72),(31,'Evald rma (rman-)','M',174,70),(32,'Olav Augunson Aarnes','M',0,0),(33,'Mika Lauri Aarnikka','M',187,76),(34,'Jamale (Djamel-) Aarrass (Ahrass-)','M',187,76),(35,'Dagfinn Sverre Aarskog','M',190,98),(36,'Stefan Remco Aartsen','M',194,78),(37,'Ann Kristin Aarnes','F',182,64),(38,'Karl Jan Aas','M',0,0),(39,'Lars Thorlaksn Aas','M',0,0),(40,'Roald Edgar Aas','M',0,0),(41,'Rolf Aas','M',0,0),(42,'Thomas Valentin Aas','M',0,0),(43,'Morten Gjerdrum Aasen','M',185,75),(44,'Meelis Aasme','M',182,73),(45,'Hakon Aasns','M',0,0),(46,'Hans Aasns','M',194,93),(47,'Erling Rudolf Aastad','M',177,74),(48,'Abdelhak Aatakni','M',0,64),(49,'Moonika Aava','F',168,65),(50,'Arvi Aavik','M',185,106),(51,'Nstor Abad Sanjun','M',167,64),(52,'Patrick Abada','M',189,80),(53,'Talaat Abada','M',172,58),(55,'Antonio Abadia Beci','M',170,65),(56,'Ren Abadie','M',0,0),(57,'Borislav Abadzhiev','M',176,66),(59,'Ivan Nikolov Abadzhiev','M',164,71),(60,'Mikhail Abadzhiev','M',172,75),(61,'Stefan Abadzhiev','M',175,72),(62,'Giovanni Abagnale','M',198,90),(63,'Jos Luis Abajo Gmez','M',194,87),(64,'Bairo Abakar','M',0,0),(65,'Patimat Abakarova','F',165,49),(67,'Mariya Vasilyevna Abakumova (-Tarabina)','F',179,80),(68,'Pablo Martn Abal','M',178,76),(69,'Tamara Abalde Daz','F',185,72),(70,'Jess Iory Aball Martnez','M',167,65),(71,'Juan Antonio Aball Delgado','M',172,82),(72,'Aleksey Aleksandrovich Abalmasov','M',180,83),(73,'Luc Abalo','M',182,86),(74,'Mara Laura Abalo','F',182,73),(75,'Giorgos Abalof','M',178,70),(76,'Jouan Patrice Abanda Etong','M',185,82),(77,'Antoine Abang','M',166,75),(78,'Salim Abanoz','M',0,0),(79,'Carlos Abarca Gonzlez','M',0,0),(80,'Jos Mara Abarca Plotas','M',186,83),(81,'Georgios Abaris','M',190,77),(82,'Enrique Abaroa Martnez','M',183,75),(83,'Carlos Arturo Abarza Chavez','M',0,0),(84,'Stephen Anthony Abas','M',165,55),(85,'Alejandro Abascal Garca','M',181,82),(86,'Jos Manuel Abascal Gmez','M',182,67),(87,'Omeris dze Abashidze','M',188,97),(88,'Nunu Dzhansuhivna Abashydze (-Myslaieva)','F',168,105),(89,'Rodrigo Abasolo','M',0,0),(90,'Tamila Rashidovna Abasova','F',163,60),(91,'Emanuele Abate','M',190,80),(92,'Ignazio Abate','M',180,73),(93,'Jol Marc Abati','M',190,85),(94,'Ral Abatte','M',0,0),(95,'Georgia Abatzidou','F',155,43),(96,'Carlos Rodolfo Abaunza Balladares','M',168,60),(97,'Carlos Alberto Abaunza','M',180,70),(98,'Hctor Abaunza','M',169,75),(99,'Pter Abay','M',181,79),(100,'Oszkr Abay-Nemes','M',0,0),(101,'Adeyemi Abayomi','M',170,51),(103,'Silvano Abba','M',0,0),(104,'Gana Abba Kimet','M',0,0),(105,'Ilyas Abbadi','M',175,75),(106,'Agostino Abbagnale','M',188,96),(107,'Carmine Abbagnale','M',182,90),(108,'Giuseppe Abbagnale','M',187,97),(109,'Abdul Latif Al-Sayed Abbas Youssef Hashem','M',176,64),(110,'Abubakar Abbas Abbas','M',175,66),(111,'Aqarab Abbas','M',190,88),(112,'Aziz Abbas','M',169,67),(113,'Bassim Abbas Kati Al-Ogaili','M',175,80),(114,'Essa Abbas Faleh Hashem','M',160,65),(115,'Ghulam Abbas','M',181,74),(116,'Hosni Mohamed Abbas','M',0,60),(117,'Maher Abbas','M',178,78),(118,'Mahmoud Abbas','M',165,65),(119,'Mohamed Fakhry Rifaat Abbas','M',0,0),(120,'Mohammed Abbas Sabih','M',170,70),(121,'Muhammad Abbas','M',168,55),(122,'Nader Sufyan Abbas','M',173,77),(123,'Sohail Abbas','M',178,80),(124,'Youssef Mohamed Abbas','M',0,0),(125,'Zulkifli Abbas','M',170,62),(126,'Forough Abbasi','F',164,58),(127,'Shakeel Abbasi','M',165,60),(128,'Soulmaz Abbasi Azad','F',173,60),(129,'Ruslan Abbasov','M',181,74),(130,'Tural Abbasov','M',182,76),(131,'Tran Abbasova','F',159,53),(132,'Simona Abbate','F',171,64)
go
INSERT INTO person VALUES (134,'Christian Abbiati','M',192,90),(135,'Lois Abbingh','F',178,72),(136,'Alessandro Abbio','M',195,85),(137,'Giordano Giulio Abbondati','M',175,64),(138,'Salwan Jasim Abbood Abbood','M',180,104),(140,'William \"Bill\"\" Abbott Jr.\"','M',172,80),(141,'Clare Abbott','F',167,58),(142,'David \"Dave\"\" Abbott\"','M',183,75),(143,'Desmond \"Des\"\" Abbott\"','M',184,87),(144,'Geoffrey Grant Abbott','M',179,80),(145,'Jeremy Abbott','M',175,70),(146,'Jeremy Abbott','M',179,71),(147,'Joanne Abbott','F',160,57),(148,'Kathryn \"Katie\"\" Abbott\"','F',164,63),(149,'Mara Katherine Abbott','F',163,52),(150,'Margaret Ives Abbott (-Dunne)','F',0,0),(151,'Mary Perkins Ives Abbott (Perkins-)','F',0,0),(152,'Matt Abbott','M',185,91),(153,'Monica Cecilia Abbott','F',191,88),(154,'Khadija Abbouda','F',165,57),(155,'Mohamed Ibrahim Abd El-Fatah Mohamed','M',185,98),(156,'Mahmoud Abd El-Kader','M',195,94),(157,'Mohamed Ibrahim Abd El-Salam','M',192,83),(158,'Noha Abd Rabo','F',0,0),(159,'il Abdalazem Abdalazem El-Bossaty','F',167,60),(160,'Ali Abdalla Afringi','M',163,57),(161,'Hossam Abdalla','M',203,97),(162,'Hosam Abdallah','M',0,0),(164,'Maged Abdallah','M',0,0),(165,'Nia Nicole Abdallah','F',175,56),(166,'Omari Abdallah','M',168,57),(168,'Younis Abdallah Rabee','M',169,68),(169,'Raida Abdallah Bader','F',158,49),(170,'Maha Abdalsalam Gouda','F',172,61),(171,'Mahmoud Abdel Aziz','M',174,70),(172,'Mohamed Abdel Ellah','M',168,68),(174,'Ali Mohamed Badawi Abdel Fattah Badawi','M',0,0),(175,'Abdelgani Hassan Abdel Fattah','M',0,0),(177,'Mohamed Abdel Fattah','M',174,69),(178,'Sayed Abdel Gadir','M',180,56),(180,'Heba Abdel Gawad','F',154,48),(181,'Sara Abdel Gawad','F',153,46),(182,'Gamal Amin Abdel Ghani','M',0,0),(184,'Ragy Abdel Hady','M',186,100),(185,'Osman Abdel Hafeez','M',0,0),(187,'Moustafa Ali Abdel Halim','M',152,52),(188,'Mohamed Abdel Hamed','M',193,82),(191,'Tamer Mohamed Abdel Hamid','M',0,0),(192,'Ahmed El-Sayed Abdel Hamid Mobarak','M',189,85),(193,'Dorri Abdel Kader Said','M',0,0),(195,'Mohamed Ali Abdel Kerim','M',0,81),(196,'Mohamed Abdel Khaled','M',183,76),(197,'Abdel Latif Abdel Latif','M',172,68),(198,'Walid Abdel Maksoud','M',0,0),(199,'Amir Abdel Meguid','M',178,67),(200,'Mohamed Abdel Mohamed','M',0,0),(201,'Karim Abdel Mohsen','M',188,92),(202,'Awad Abdel Nabi Awad','M',198,80),(203,'Ahmed Abdel Naeim','M',197,87),(204,'Moustafa Abdel Naser','M',176,74),(205,'Ali Abdel Radi','M',0,0),(206,'Amin Abdel Rahman','M',0,0),(207,'Mohamed Fathallah Abdel Rahman','M',0,0),(208,'Fathi Ali Abdel Rahman','M',0,0),(210,'Khaled Abdel Rahman','M',188,79),(211,'Sameh Abdel Rahman','M',0,0),(212,'Yasser Abdel Rahman Sakr','M',180,120),(213,'Samy Abdel Razek','M',170,60),(214,'Mohamed Youssef Abdel Razik','M',0,0),(215,'Ibrahim Ahmed Abdel Rehim','M',190,83),(216,'Kamal Abdel Rehim','M',190,95),(217,'Reskalla Mohamed Abdel Rehim','M',165,48),(218,'Ahmed Ali Abdel Samad','M',195,95),(219,'Ali Abdel Sami','M',0,0),(221,'Sameh Abdel Waress Muhammad','M',0,0),(222,'Mohamed Said Abdel Wehab','M',157,48),(223,'Mahmoud Abdel-Aal','M',0,0),(225,'Shaimaa Abdel-Latif-Hashad','F',165,57),(227,'Ahmed Abdelaal','M',188,89),(228,'Mahmoud Abdelaal','M',176,60),(229,'Mohamed Ali Abdelaal','M',175,81),(231,'Mahmod Abdelaly','M',0,0),(232,'Ibrahim Ramadan Ibrahim Abdelbaki','M',173,77),(233,'Aziza Abdelfattah','F',159,51),(234,'Abdalla Abdelgadir El-Sheikh','M',170,58),(235,'Magdi Abdelghani Sayed Ahmed','M',0,0),(236,'Ragab Abdelhay Saad Abdelrazek Abdallah','M',170,94),(237,'Ben Ahmed Abdelkrim','M',0,0),(238,'Mohamed Abdellah','M',170,70),(239,'Ayoub Abdellaoui','M',184,68),(240,'Leila Abdelmoez','F',160,46),(241,'Sayed Abdelmonem Sayed Hamed','M',170,60),(242,'Ahmed Abdelrahman','M',165,60),(243,'Ihab Abdelrahman El-Sayed Abdelrahman','M',194,96),(244,'Raouf Abdelraouf','M',167,63),(245,'Abouelfetoh Abdelrazek','M',0,0),(246,'Mamdouh Abdelrehim','M',207,90),(247,'El-Hachemi Abdenouz','M',170,63),(248,'Rda Abdenouz','M',170,63),(249,'Mouni Abderrahim','F',173,60),(250,'Saeid Morad Abdevali','M',170,80),(251,'Bashir Abdi','M',176,56),(252,'Youcef Abdi','M',178,66),(253,'Jamal Abdi Hassan Abdullah','M',177,65),(254,'Talal Omar Abdillahi','M',170,57),(255,'Mahmoud Ahmed Abdin','M',0,0),(256,'Abdihakim \"Abdi\"\" Abdirahman\"','M',178,61),(257,'Ali Abdo','M',169,74),(258,'Hamza Abdo','M',0,0),(259,'Reema Abdo','F',173,59),(261,'Nasrollah Abdollahi','M',183,75),(262,'Yhyacinthe Mewoli Abdon','M',176,60),(263,'Hassane Abdou','M',185,67),(264,'Justin Abdou','M',175,85),(265,'Moustafa Ahmed Ismail Abdou Ali Arfah','M',0,0),(266,'Raouf Abdou','M',165,60),(267,'Mohamed Abdou El-Souad','M',180,76),(268,'Brahim Daoud Abdoulaye','M',0,71),(269,'Fawziya Abdoulkarim','F',180,67),(270,'Alaa El-Din Abdoun','M',188,78),(271,'Ibrahim Abdrabbou','M',0,0),(272,'Berik Abdrakhmanov','M',165,60),(273,'Maizurah Abdul Rahim','F',147,50),(274,'Mehdi Fahim Abdul Al-Sada','M',184,70),(275,'Bashir Abdullah Abdul Aziz','M',180,73),(276,'Chairil Anwar Abdul Aziz','M',163,61),(277,'Shaimaa Abdul Aziz','F',160,53),(278,'Mohamed Abdul Hadj','M',0,0),(279,'Jefri Kiko Bolkiah Abdul Hakeem','M',172,90),(280,'Mohamed Abdul Hamid','M',175,55),(282,'Hadi Abdul Jabbar','M',180,118)
go
INSERT INTO person VALUES (283,'Mohamed Abed Abdul Jawad','M',169,65),(284,'Anouar Abdul Kader','M',0,0),(286,'Abdul Aziz Hassan Al-Hadba Abdul Karim Abdul Kareem','M',169,60),(287,'Taha Abdul Karim','M',156,59),(288,'Masoud Abdul Khamis Al-Rahman','M',176,68),(289,'Abdul Haji Abdul Latheef','M',168,54),(290,'Fatima Abdul Majeed Hameed Al-Kirashi','F',0,0),(291,'Majed Ahmed Abdul Mohamed','M',172,70),(292,'Firouz Abdul Mohammadian','M',178,74),(293,'Hussam Abdul Rahman','M',175,80),(295,'Suleman Abdul Rahman','M',174,55),(296,'Zambrose Abdul Rahman','M',173,64),(297,'Lala Abdul Rashid','M',169,91),(298,'Muhammad Abdul Rashid','M',181,72),(299,'Dana Abdul Razak (Hussain-)','F',163,56),(304,'Rauf Abdul Seoud','M',0,0),(305,'Samir Ahmed Abdul Shakour','M',180,72),(306,'Nabil Abdul Tahlak','M',0,0),(307,'Fahmi Ahmed Abdul Wahab Al-Tahri','M',0,0),(308,'Mohamed Abdul Wahab Al-Salah','M',0,0),(309,'Qazi Abdul Waheed','M',0,0),(310,'Patmawati Abdul Wahid','F',158,58),(311,'Haidar Abdul-Amir Hassan','M',185,80),(312,'Haidar Abdul-Razzaq Hassan','M',175,75),(313,'Lawal Kolawole \"Kola\"\" Abdulai\"','M',172,66),(314,'Rukayatu \"Ruky\"\" Abdulai\"','F',180,59),(315,'Mona Ahmad Abdulaziz Hassanein','F',166,61),(316,'Zagalav Abdulbekovich Abdulbekov','M',160,62),(317,'Roosevelt M. Abdulgafur','M',181,73),(318,'Ahmed Abdulkareem Ahmed','M',0,0),(319,'Gamal Ahmed Abdulla','M',0,0),(320,'Mohamed Sayed Abdulla','M',0,0),(321,'Ahmad Hassan Abdullah','M',164,55),(322,'Ahmed Ghanim Abdullah','M',184,79),(323,'Aquil Hashim Abdullah (Shumate-)','M',187,83),(324,'Atallah Abdullah','M',0,88),(325,'Magdy Ahmed Abdullah','M',0,0),(329,'Osama Abdullah','M',0,0),(330,'Tewfik Abdullah','M',0,0),(331,'Wan Azlan Abdullah','M',188,77),(332,'Zarinah Abdullah','F',0,0),(334,'Abubakar Sadiq Abdullahi','M',0,0),(335,'Abdulqdir Abdullayev','M',188,91),(336,'Arif Yadulla Abdullayev','M',164,60),(337,'Mukhammad Kadyr Abdullayev','M',169,63),(338,'Muminzhon Abdullayev','M',190,130),(339,'Namiq Yadulla Abdullayev','M',167,55),(340,'Laye Abdullayeva','F',170,47),(341,'lqar Abdulov','M',175,74),(342,'Abdullah Abdulrahman Zeyab','M',177,0),(343,'Abir Abdulrahman Khalil Mahmoud Khalil','F',162,72),(344,'Amer Abdulrahman Abdallah Hussain Al-Hammadi','M',168,68),(345,'Omar Abdulrahman Ahmad Al-Raaqi Al-Amoudi','M',168,62),(346,'Shaza Yahia Nazih Abdulrahman El-Sayed','F',170,59),(347,'Najim Abdulrazak Al-Enazy','M',150,60),(348,'Zeyad Abdulrazak Al-Khudhur Al-Enazy','M',181,66),(349,'Waheed Abdulridha Waheed Karaawi','M',178,74),(350,'Mohamed Abdultwab Ibrahim Abd El-Baki','M',162,69),(351,'Julius Shareef Abdur-Rahim','M',202,104),(352,'Sherzod Abdurahmonov','M',178,73),(353,'Rasul Abduraim','M',183,74),(354,'Bekzod Makhamadzhonovich Abdurakhmonov','M',172,74),(355,'Mukhamadmurod Abdurakhmonov','M',192,117),(356,'Adlan Aliyevich Abdurashidov','M',172,60),(357,'Yusup Abdusalomov','M',170,84),(359,'Andrey Khakimovich Abduvaliyev','M',190,125),(360,'Dzhamolidin Mirgarifanovich Abduzhaparov','M',174,72),(361,'Aybek Abdymomunov','M',162,54),(362,'Isao Ko Abe','M',177,75),(363,'Kazumi Abe','M',178,67),(364,'Kazuo Abe','M',166,69),(365,'Kinya Abe','M',168,68),(366,'Kiyoshi Abe','M',167,62),(367,'Masashi Abe','M',175,64),(368,'Naoki Abe','M',173,68),(369,'Osamu Abe','M',0,0),(370,'Shigeaki Abe','M',178,70),(371,'Shinnosuke Abe','M',179,91),(372,'Sanshiro onny\"\" Abe\"','M',166,57),(373,'Tadashi Abe','M',190,80),(374,'Tadatoshi Abe','M',170,60),(375,'Wakako Abe','F',168,60),(376,'Yoshiyuki Abe','M',175,67),(377,'Yuki Abe','M',177,75),(379,'Addis Abebe','M',160,50),(380,'Biruk Abebe','M',173,62),(381,'Benaissa Abed','M',170,51),(382,'Soha Abed Elaal','F',0,0),(383,'Mojtaba Abedini Shormasti','M',180,83),(384,'Thophile Abega Mbida','M',0,0),(385,'Max \"Xam\"\" Abegglen\"','M',0,0),(386,'Alexandre Abeid','M',194,92),(387,'Sonia Abejn Esteban','F',169,48),(388,'Abel Carlos da Silva Braga','M',190,73),(389,'Adolf Gaston Abel','M',0,0),(390,'Brooke Abel','F',163,52),(391,'Clarence John Abel','M',185,102),(392,'George Gordon Abel','M',0,0),(393,'Gnther Abel','M',183,80),(394,'Irene Abel','F',160,48),(395,'Jennifer Abel','F',160,62),(396,'Katja Abel','F',165,55),(397,'Mara Abel Diguez','F',163,46),(398,'Roger Abel','M',0,0),(399,'Egil Sten Abel','M',0,0),(400,'Yaritza Abel Rojas','F',0,62),(401,'Abelardo Fernndez Antua','M',0,0),(402,'Arthur Abele','M',184,85),(403,'Ruth Abeles','F',153,48),(404,'Louis Grenville \"Lou\"\" Abell\"','M',0,0),(405,'Jos Javier Abella Fanjul','M',176,66),(406,'Ramn Neptuno Abella Caside','M',0,0),(407,'Ral Daniel Abella','M',0,0),(408,'Alfonso Abelln Lpez','M',174,63),(409,'Juan Luis Abelln Pallahi','M',0,0),(410,'Edwige Marie Abna Fouda','F',173,61),(411,'Gezahgne Abera','M',166,58),(412,'Tesfaye Abera Dibaba','M',192,68),(413,'Hugo Ral Aberastegui','M',186,84),(414,'Arvid berg','M',0,0),(415,'Bjrn Olof Conny berg','M',181,76),(416,'Nils Georg berg','M',181,78),(417,'Sara Helena berg','F',190,73),(418,'Karl Konrad berg','M',0,0),(419,'Majken berg','F',170,60),(420,'Olof Viktor \"Olle\"\" berg\"','M',181,78),(421,'Mohamed Aberhoune','M',187,75),(422,'Julianne \"Anne\"\" Abernathy\"','F',165,75),(423,'Michael Brent Abernathy','M',182,84),(424,'Moira Abernethy (-Ford)','F',0,0),(425,'Salim Abes','M',0,0),(426,'Edme Abetel (-Barr)','F',0,0),(427,'Pasqualino Abeti','M',173,66),(428,'Elvan Abeylegesse','F',159,40),(429,'Ruwani Abeymanne','F',160,53),(430,'Matthew Duncan Abeysinghe','M',180,74),(431,'Narek Abgaryan','M',166,52),(432,'Koutoua Francis Abia','M',180,80),(433,'Pablo Abin Vicen','M',177,68),(434,'David Abibssira','M',179,63)
go
INSERT INTO person VALUES (435,'Silke Abicht','F',156,46),(436,'Haithem Abid','M',179,72),(437,'Younis Abid Sadkhan','M',0,0),(438,'Jaiye Abidoye','M',0,0),(439,'Sagat Abikeyeva','F',160,78),(440,'Mitsuhiro Abiko','M',169,62),(441,'Tomomi Abiko','F',173,53),(442,'Catherine \"Kate\"\" Abilla Awino\"','F',162,56),(443,'Ismail Abilov (-Nizamolu)','M',172,82),(444,'Camille Anne Franoise Abily','F',168,60),(445,'Endurance Abinuwa','F',159,54),(446,'Bode Abiodun','M',170,68),(447,'Firmin Abissi','M',159,54),(448,'Sarah Abitbol','F',150,43),(449,'Inga Eduardovna Abitova','F',164,58),(450,'Ceyhun Abiyev','M',163,48),(451,'Diana Monteiro Abla','F',175,75),(452,'Enver Nazymovych Ablaiev','M',169,68),(453,'Leslie Ablett','M',0,0),(454,'Edgar Allen \"Ed\"\" Ablowich\"','M',182,68),(455,'Denis Mikhaylovich Ablyazin','M',161,62),(456,'Karin Abma','F',174,62),(457,'Thorine Christelle Aboa Mbeza','F',182,78),(458,'Felix Ahmed Aboagye','M',176,70),(459,'Bukola Dammy Abogunloko','F',170,53),(460,'Viktor Andreyevich Aboimov','M',190,78),(461,'Mohamed Aboker','M',175,61),(462,'Ilze bola','F',169,60),(463,'Agnese boltia','F',166,60),(464,'Abdul Razzak Aboobakur','M',168,59),(465,'Matthew \"Matt\"\" Abood\"','M',197,92),(466,'Piroska Abos Gvorgyzakab','F',0,0),(467,'Jean-Pierre Abossolo-Ze','M',0,0),(468,'Abdelhalim Muhammad Abou','M',210,88),(469,'Tarek Abou Al Dahab','M',170,64),(470,'Bachir Hani Abou Assi','M',175,74),(471,'Ashraf Abou El-Hassan','M',186,86),(472,'Galal El-Din Abdel Meguid Abou El-Kheir','M',0,0),(473,'Magdy Abou El-Magd','M',188,85),(474,'Essameldin Abou El-Nein','M',205,102),(475,'Abdel Khlik Abou El-Yazi','M',0,0),(476,'Mohamed Moustafa Abou Elea','M',168,54),(477,'Mahmoud Abou Elelaa','M',181,76),(478,'Mohammed Tawfiq Abou Habaga','M',0,0),(479,'Zaid Abou Hamed','M',182,79),(480,'Youssef Kamel Mohamed Abou Ouf','M',0,0),(481,'Gaber Mooti Abou Zeid','M',187,82),(482,'Taher Abou Zeid Sayid Amer','M',0,0),(483,'Ahmed Farid Abou-Shadi','M',0,0),(484,'Abdel Fattah Abou-Shanab','M',0,0),(485,'Sadoon Mohamed Aboub','M',170,48),(486,'Zakaria Aboub','M',171,65),(488,'Ibrahim Mohamedin Aboubaker','M',190,65),(489,'Ahmed Ghmin Aboud','M',170,51),(490,'Fathi Khalifa Aboud','M',175,75),(491,'Kamel Aboud','M',178,67),(493,'Rabah Aboud','M',180,64),(494,'Mamdouh Taha Al-Husseini Abouebaid','M',183,85),(495,'Alaaeldin Ahmad El-Sayyid Abouelkassem','M',188,87),(496,'Haysam Farouk Abouelw','M',0,0),(497,'Waguih Rauf Aboul Seoud','M',0,0),(498,'El-Sayed Aboumedan','M',178,81),(499,'Dany Abounaoum','M',0,0),(500,'Sdonoud Janvier Abouta','M',0,0),(501,'Mohamed Mohamed Mohamed Aboutrika','M',182,77),(503,'Adeola Aboyade-Cole','M',193,78),(504,'Cheryl Abplanalp','F',174,68),(505,'Alexander \"Alex\"\" Abraham (Steglitz)\"','M',186,84),(506,'Andrei Abraham','M',0,0),(507,'Attila brahm','M',192,88),(509,'Gary Abraham','M',175,64),(510,'Melita Isidora Abraham Schssler','F',170,62),(511,'Tadesse Abraham','M',178,61),(512,'Shiny Kurisingal Abraham-Wilson','F',167,53),(513,'Mariola Teresa Abrahamczyk (-Fronckowiak)','F',180,70),(514,'Ara Abrahamian','M',191,84),(515,'Stphan Abrahamian Gonzalez','M',0,0),(516,'Clyde Abrahams','M',178,68),(517,'Glen Abrahams Martnez','M',179,72),(518,'Guy A. Abrahams','M',173,65),(519,'Harold Maurice Abrahams','M',183,75),(520,'Sidney Solomon Abrahams','M',0,0),(521,'Isak Abrahamsen','M',0,0),(522,'Knut Leo Abrahamsen','M',0,0),(523,'Trond Sevg Abrahamsen','M',183,87),(524,'Donald Robert Abrahamson, Jr.','M',162,67),(525,'Richard Neal Abrahamson','M',190,88),(526,'Kurt Christer Abrahamsson (-Abris)','M',187,77),(527,'Erik Adolf Efraim Abrahamsson','M',172,61),(528,'Karl Gran Abrahamsson','M',180,72),(529,'Karl Gustaf Emanuel Abrahamsson','M',0,0),(530,'Ulf Thommy Abrahamsson','M',185,81),(531,'Fletcher Abram, Jr.','M',193,87),(532,'Iason Abramashvili','M',176,82),(533,'Yelena Vasilyevna Abramchuk (Kopets-)','F',182,95),(534,'Oleksandr Volodymyrovych Abramenko','M',180,82),(535,'Yevgeny Sergeyevich Abramenko','M',181,80),(536,'Lahcen Abrami','M',0,0),(537,'aterina Abramia','F',167,43),(538,'Jernej Abrami','M',175,70),(539,'Levan Abramishvili','M',181,84),(540,'Andrey Vasilyevich Abramov','M',180,100),(541,'Andrey Viktorovich Abramov','M',176,70),(542,'Nikolay Kuzmich Abramov','M',164,59),(543,'Pavel Sergeyevich Abramov','M',198,89),(544,'Sergey Mikhaylovich Abramov','M',180,94),(545,'Valery Aleksandrovich Abramov','M',173,61),(546,'Inna Vladimirovna Abramova','F',172,63),(547,'Nelli Mikhaylovna Abramova','F',171,60),(548,'Yekaterina Konstantinovna Abramova','F',167,65),(549,'Alen Abramovi','M',180,72),(550,'Dmitry Vladimirovich Abramovich','M',182,96),(551,'Aliyah Abrams','F',163,53),(552,'Colin Winston Abrams','M',180,70),(553,'John Charles Abrams','M',183,0),(554,'Benik Abramyan','M',186,115),(555,'Antnio da Cunha Meneses Martins Abrantes','M',176,68),(556,'Arnaldo Lus Isaas Abrantes','M',183,72),(557,'Arnaldo Joaquim Castro Abrantes','M',174,68),(558,'David Abrard','M',187,81),(559,'Tsvetelina Abrasheva','F',0,0),(560,'Amir Abrashi','M',172,70),(561,'Thomas Abratis','M',184,73),(562,'Pawe Abratkiewicz','M',183,84),(563,'Diogo Ferreira Tribolet de Abreu','M',183,73),(564,'Eloy Abreu Morales','M',160,54),(565,'Glauclio Serro Abreu','M',185,75),(566,'Jos Filipe Abreu','M',159,64),(567,'Emilio Julio Abreu','M',0,0),(568,'Morais Santos Abreu','M',188,73),(569,'Paulo Francisco Joazeiro de Abreu','M',176,78),(570,'Pedro Abreu Pascal','M',200,88),(571,'Rubn Abreu Rivero','M',177,71),(572,'Rui Pinto de Abreu','M',177,64),(573,'Franck Abrial','M',174,68),(574,'rika Abril Surez','F',164,52),(575,'Laura Valentina Abril Restrepo','F',162,50),(576,'Alejandro \"lex\"\" Abrines Redondo\"','M',198,93),(577,'Knut Richard brink','M',0,0),(578,'Bourhan Abro','M',180,70),(579,'Anastasiya Aleksandrovna Abrosimova','F',164,51)
go
INSERT INTO person VALUES (580,'Svetlana Olegovna Abrosimova','F',188,77),(581,'Elisabeta Abrudeanu','F',0,0),(582,'Saypulla Atavovich Absaidov','M',168,68),(583,'Julien Absalon','M',180,68),(584,'Ayele Abshero Biza','M',168,62),(585,'Brian Kenneth Abshire','M',180,59),(586,'Tobias Abstreiter','M',178,85),(587,'Gudrun Maria Abt','F',178,61),(588,'Aleksandr Viktorovich asha\"\" Abt\"','M',179,68),(589,'Najmeh Abtin','F',160,57),(590,'Mohamed Abu Abdullah','M',173,74),(591,'Abdul Wahab Abu Al-Hail Labid','M',180,79),(592,'Mohamed Ahmed Abu Ali','M',0,0),(593,'Methkal Marouf Abu Drais','M',168,67),(594,'Lailin Abu Hassan','M',0,0),(595,'Majed Abu Maraheel','M',180,76),(596,'Maher Abu Rmilah','M',172,72),(598,'Omar Abu-Fares','M',178,69),(599,'Bektas Abubakirov','M',165,54),(600,'Nagmeldin Ali Abubakr','M',172,63),(601,'Sanna Abubkheet','F',157,52),(602,'Abudoureheman','M',182,75),(603,'Juma Abudu','M',170,59),(604,'Folashade hade\"\" Abugan\"','F',150,64),(605,'Fernando J. Abugattas Aboino','M',190,80),(606,'Roberto Abugattas Aboino','M',182,77),(607,'Hamza Abughalia','M',0,85),(608,'Ahmad Abughaush','M',178,68),(609,'Fartun Abukar Omar','F',170,58),(610,'Ginko Abukawa-Chiba','F',148,46),(611,'Mohammed Abukhousa','M',170,67),(612,'Mohammad Abulibdeh','M',183,68),(613,'Kariman Abuljadayel','F',180,70),(614,'Jos Manuel Abundis Sandoval','M',177,72),(615,'Abdullah Abuqrais','M',163,65),(616,'Shigeru Aburaya','M',163,51),(617,'Cristobal Alejandro Aburto Tinoco','M',161,60),(618,'Aleksandr Veniaminovich Abushakhmetov','M',189,81),(619,'Magomedgasan Mingazhutdinovich Abushev','M',170,62),(620,'Kanat Kalizhanovich Abutalipov','M',168,56),(621,'Anas Sameer N. H. Abuyousuf','M',181,77),(622,'Ali Abuzamia','M',185,80),(623,'Irina Alekseyevna Abysova','F',175,56),(625,'E. Doan Acarbay','M',0,0),(626,'Alain Acart','M',175,67),(627,'Andreea Roxana Acatrinei','F',150,40),(628,'Jacques Accambray','M',194,125),(629,'William Accambray','M',194,104),(630,'Anna Accensi Abella','F',0,0),(631,'Ezio Acchini','M',0,0),(632,'Mario Acchini','M',0,0),(633,'Martina Accola','F',170,62),(634,'Paul Accola','M',176,82),(635,'Alfredo Accorsi','M',0,0),(636,'Enrique Accorsi Teuthorn','M',0,0),(637,'Eusebio Acea Colarte','M',190,95),(638,'Raidel Acea Morales','M',0,0),(639,'Domingo Gmez-Acedo Villanueva','M',0,0),(640,'Carmen Acedo Jorge','F',0,0),(641,'Jos Aceituno','M',167,58),(642,'Ervin S. Acel','M',0,0),(643,'Marco Acerbi','M',190,74),(644,'Claudia Acerenza Marez','F',160,55),(645,'Elmer ngel Acevedo','M',0,0),(646,'Anibl Santiago Acevedo','M',176,67),(647,'Eyne Acevedo Tabares','M',0,67),(648,'Fabio Acevedo','M',171,70),(649,'Fernando Acevedo Portugues','M',175,65),(650,'Javier Carlos Acevedo','M',182,68),(651,'Jos Eduardo Acevedo Herrera','M',179,65),(652,'Nicole Jocelin Acevedo Tangarife','F',166,70),(653,'Sharon Evelin Acevedo Tangarife','F',170,61),(654,'Daniel Aceves Villagrn','M',158,52),(655,'Roberto Aceves Villagrn','M',165,64),(656,'David Laurence Acfield','M',178,73),(657,'Mohamed Ali Acha-Cheloi','M',165,68),(658,'Jaouad Achab','M',175,64),(659,'Mustapha Achab','M',0,0),(660,'Karem Faride Achach Ramrez','F',169,60),(661,'Emilio Achacoso','M',178,78),(662,'Loreto Achaerandio Snchez-Marn','F',164,50),(663,'Sharath Kamal Achanta','M',186,85),(664,'Kieron Robert Achara','M',208,110),(665,'Gilbert Achard-Picard','M',0,0),(666,'Aziz Acharki','M',180,68),(667,'Benjamin \"Ben\"\" Acheampong\"','M',161,62),(668,'Gemma Acheampong','F',163,54),(669,'Joachim Yaw Acheampong','M',181,73),(670,'Alfred Achermann','M',176,75),(671,'Ghassan Achi','M',168,60),(672,'Wilson Achia','M',167,52),(673,'Abdel Hak Achik','M',165,54),(674,'Mohamed Abdelhak Achik','M',174,57),(675,'Onochie Lawrence \"Larry\"\" Achike\"','M',188,75),(677,'Georges Achille-Fould','F',0,0),(678,'Jacob Hendrik \"Jack\"\" Achilles\"','M',182,98),(679,'Ioan Valeriu Achiriloaie','M',183,87),(680,'Rita Nikolayevna Achkina','F',168,63),(681,'Janet Achola','F',167,52),(682,'Julius Achon','M',168,55),(683,'Natalie Chioma Achonwa','F',190,86),(684,'Ahmed Mohamed Achouche','M',191,110),(685,'Dallal Merwa Achour','F',176,45),(686,'Khaled Achour','M',177,82),(687,'Haykel Al-Achouri','M',184,84),(688,'Said Achtar','M',0,0),(689,'Roger Achten','M',171,62),(690,'Chantal Achterberg','F',172,72),(691,'Assumpta Achuo-Bei','F',159,55),(692,'James Dudley \"Jim\"\" Achurch\"','M',0,0),(693,'Gabriel Achy Assi','M',166,61),(694,'Oliver M. Acii','F',167,55),(695,'Ricardo Augusto Amaral Acioly','M',179,78),(697,'Fausto Alesio Acke (Padovini-)','M',0,0),(698,'Paul Douglas Ackerley','M',179,68),(699,'Charles Edwin \"Charley\"\" Ackerly\"','M',0,0),(700,'Nathaniel Leedom \"Nate\"\" Ackerman\"','M',173,74),(701,'Georg Ackermann','M',191,75),(702,'Ronny Ackermann','M',184,69),(703,'Marianne \"Marjan\"\" Ackermans-Thomas\"','F',180,70),(704,'Dsir Antoine Acket','M',0,0),(705,'Donat Acklin','M',190,99),(706,'Guido Acklin','M',200,104),(707,'Urban Acman','M',180,83),(708,'Alberto Enrique Acosta Palma','M',0,0),(709,'Asuncin Acosta Galano','F',169,52),(710,'Bryan Josu Acosta Ramos','M',175,74),(711,'Carlos Acosta','M',0,0),(712,'Hctor H. Acosta','M',180,81),(713,'Jos Eugenio Acosta','M',173,73),(714,'Juan Acosta Umazabal','M',0,0),(715,'Julio Csar Acosta Gonzlez','M',160,62),(716,'Lautaro Germn Acosta','M',168,72),(717,'Leopoldo Acosta','M',185,61),(718,'Luis Angel Acosta','M',180,73),(719,'Luz Mercedes Acosta Valdez','F',164,63),(720,'Marcelo Alberto Acosta Jimnez','M',0,0),(721,'Mara Jos Acosta Acosta','F',172,69),(722,'Mariano Acosta','M',0,0),(723,'Osmay Acosta Duarte','M',188,91),(724,'Pedro Javier Acosta Snchez','M',188,78),(725,'Roslandy del Valle Acosta Alvarado','F',190,62),(726,'Tanya Acosta','F',182,70),(727,'Martn Ral Acosta y Lara Daz','M',0,0),(728,'George Wilson Acquaah','M',0,0),(729,'Robert Acquafresca','M',184,70)
go
INSERT INTO person VALUES (730,'Edward Acquah','M',188,82),(731,'Oliver Acquah','M',177,82),(732,'Samuel am\"\" Acquah\"','M',178,72),(733,'Ilona cs (-Zimmermann)','F',0,0),(734,'Otto Mnsted Acthon','M',0,0),(735,'Benjamin Maxwell \"Ben\"\" Acton\"','M',0,0),(736,'Brigitte Acton (-Smith)','F',168,63),(737,'Amelia Lynn \"Amy\"\" Acuff (-Harvey)\"','F',188,66),(738,'Crox Ernesto Acua Rodrguez','M',192,89),(739,'Jorge Acua','M',173,50),(740,'ngel \"Mudo\"\" Acua Lizana\"','M',0,0),(741,'Ricardo Acua','M',0,0),(742,'Roberto Acua','M',208,109),(743,'Arslanbek Aylow','M',177,75),(744,'Jzsef Aczl (-Eisenhoffer)','M',0,0),(745,'Kazimierz Piotr Adach','M',162,60),(746,'Goro Adachi','M',156,56),(747,'Kiyoshi Adachi','M',179,60),(748,'Mariko Adachi','F',162,51),(749,'Miho Adachi','F',165,58),(750,'Seiya Adachi','M',172,67),(751,'Takumi Adachi','M',168,67),(752,'Yumi Adachi','F',160,0),(753,'Yurie Adachi','F',156,51),(754,'Craig Robert Adair','M',187,81),(755,'Ali Enver Adakan','M',186,100),(756,'Adalberto Pereira da Silva','M',189,105),(759,'Ahmed Adam','M',162,60),(760,'Constantin Adam','M',202,105),(761,'Gal Adam','M',190,80),(762,'Gordon Belgum \"Gordy\"\" Adam\"','M',0,0),(763,'Herman Adam Negrete','M',180,71),(764,'Idrissa Adam','M',178,79),(765,'Jean-Paul Adam','M',0,0),(766,'Ji Adam','M',187,83),(768,'Joseph Adam','M',172,70),(769,'Leonie Adam','F',162,54),(770,'Marcus Adam','M',182,82),(771,'Marianne Adam','F',183,85),(772,'Michael B. \"Mike\"\" Adam\"','M',175,95),(773,'Moustafa Adam','M',173,71),(774,'Nicolas Dominique \"Nic\"\" Adam\"','M',0,0),(775,'Otto Adam','M',0,0),(776,'Paul Adam','M',0,0),(777,'Pierre Louis Eugne Adam','M',0,0),(778,'Sndor dm','M',0,0),(779,'Shuaib Adam','M',175,80),(780,'Tony Adam','M',169,61),(781,'Ahmed Adam Salah','M',154,64),(782,'Samba Adama','M',175,82),(783,'Stefan Adamczak','M',175,73),(784,'Matthias Adamczewski','M',187,77),(785,'Dariusz Adamczuk','M',179,78),(786,'Adam Eucharyst Adamczyk','M',173,80),(787,'Edward Adamczyk','M',190,83),(788,'Lubo Adamec','M',184,77),(789,'Petr Adamec','M',187,87),(790,'Mara Teresa Adames','F',160,52),(791,'Luigi Adami','M',0,0),(792,'Jina Adamikov-Pelcov','F',173,62),(793,'Panagiotis Adamidis','M',0,0),(794,'Janusz Andrzej Adamiec','M',176,74),(795,'Tomasz Adamiec','M',171,70),(796,'Sabine Heidrun Adamik (Picken-, -Bothe)','F',172,68),(797,'Zoltn Adamik','M',175,71),(798,'Pirouz Adamiyat','M',190,80),(799,'Nafissatou Moussa Adamou','F',172,72),(800,'Georgi Mirchev Adamov','M',173,64),(801,'Tatyana Pavlovna Adamovich','F',163,54),(802,'Tadeusz Ralf Adamowski','M',177,70),(803,'Anne Wilma Adams (-King)','F',165,54),(804,'Antoine Xavier Adams','M',180,79),(805,'April Jane Adams','F',0,0),(806,'Bartlett S. \"Bart\"\" Adams\"','M',0,0),(807,'Benjamin Willard \"Ben\"\" Adams\"','M',188,78),(808,'Robert \"Bob\"\" Adams\"','M',0,0),(809,'Brian Adams','M',183,67),(810,'Bridget Shirley Adams (-Bengough)','F',0,0),(811,'Natalie Cammile Adams (-Brannan)','F',173,65),(812,'David Dixie Adams','M',188,79),(813,'Edgar Holmes Adams','M',0,0),(815,'Francis \"Frank\"\" Adams\"','M',169,68),(817,'Gerard \"Gerry\"\" Adams\"','M',177,70),(818,'Harry Lester Adams','M',0,0),(819,'John E. Adams','M',178,95),(820,'Judith C. \"Judi\"\" Adams\"','F',0,0),(821,'Keith Adams','M',167,75),(822,'Lennox Adams','M',0,0),(823,'Liam Adams','M',178,64),(824,'Luke Kendall Adams','M',189,70),(825,'Lynda Riley Adams (-Hunt)','F',0,0),(826,'Lyukman Rasakovich Adams','M',194,87),(827,'Mareike Adams','F',174,73),(828,'Maureen Adams','F',169,68),(829,'Morgan Orlando Adams, Jr.','M',0,0),(830,'Adrian Neil Adams','M',178,78),(831,'Nelson Luis Adams','M',0,81),(832,'Nicola Virginia Adams','F',164,51),(833,'Odalys Adams Castillo','F',171,59),(834,'Paul Adams','M',185,98),(835,'Phillip Maxwell \"Phil\"\" Adams\"','M',163,93),(836,'Platt Adams','M',188,78),(837,'Rachael Alexis Adams','F',188,81),(838,'Ralph Andrew Adams','M',170,56),(839,'Robert P. Adams','M',188,85),(840,'Victoria \"Vicki\"\" Adams\"','F',164,69),(841,'Walter Adams','M',172,67),(842,'Wayman Elbridge Adams','M',0,0),(844,'William Edward \"Willie\"\" Adams\"','M',198,93),(845,'Birgitta Ann-Agnes \"Bride\"\" Adams-Ray\"','F',0,0),(846,'Valerie Kasanita Adams-Vili (-Price)','F',193,120),(847,'Morten Gundro Adamsen','M',181,84),(848,'Antoni Adamski','M',179,74),(849,'Filip Kamil Adamski','M',189,87),(850,'Herbert Adamski','M',0,0),(851,'Jerzy Adamski','M',171,58),(852,'Tadeusz Adamski','M',0,0),(853,'Per Anders Adamson','M',177,68),(854,'Derrick Adamson','M',177,72),(855,'James Nicholas \"Nick\"\" Adamson\"','M',183,74),(856,'Per Owe Adamson','M',171,65),(857,'Gsta Napoleon Adamsson','M',0,0),(858,'Charles Adamu','M',170,81),(859,'Mamudu Adamu','M',0,0),(860,'Dariusz Adamus','M',185,94),(861,'Jos Carlos Adn Arias','M',166,57),(862,'Nenita Adan','F',160,49),(863,'Aboukar Hassan Adani','M',165,59),(864,'Yasemin Adar','F',180,75),(865,'Juan Bautista Adarraga Elizarn','M',183,0),(866,'Orhan Ada','M',0,0),(867,'Christopher Thomas \"Chris\"\" Adcock\"','M',183,80),(868,'Frances \"Fran\"\" Adcock\"','F',178,72),(869,'Gabrielle Marie \"Gabby\"\" Adcock (White-)\"','F',167,0),(870,'William Arthur \"Bill\"\" Adcocks\"','M',168,55),(871,'Berkane Lakhdar Adda','M',178,78),(873,'Mehdi Addadi','M',179,70),(874,'Edith Addams de Habbelinck (-Lutjens, -Taylor, -Bel Geddes)','F',0,0),(875,'Jenny Marie Beatrice Addams','F',0,0),(876,'Jean Renaud Adde','M',181,70),(877,'Yannick Adde','M',195,115),(878,'Hamida Addche','M',164,56),(879,'Corran Descy Addison','M',170,65),(880,'Roy Addison','M',177,75),(881,'Joseph \"Joe\"\" Addo\"','M',182,81),(882,'Simon Addo','M',180,79),(883,'Charles Addo-Odametey','M',170,67),(885,'Robert Charles \"Bob\"\" Addy\"','M',191,76),(886,'Ebenezer Charles O. Addy','M',178,70),(887,'James Aryee Addy','M',183,75),(888,'Jangy McKinley Addy','M',188,88),(889,'Mercy Addy','F',161,58),(890,'Winifred Addy','M',0,0),(891,'William Harold Ade','M',0,0),(892,'Peter Adeberg','M',185,75),(893,'Ulrike Adeberg (-Spielmann)','F',170,60),(894,'James Adede','M',162,92)
go
INSERT INTO person VALUES (895,'Adegboyega Folaranmi Adedoyin','M',0,0),(896,'Olubayo Adefemi','M',181,82),(897,'Lawrence Adegbeingbe','M',181,66),(898,'Stephen Adebisi Gbadegesin teve\"\" Adegbite\"','M',186,77),(899,'Adewale Adegbusi','M',0,67),(900,'Oluwakemi \"Kemi\" Adekoya','F',166,63),(901,'Amos Ojo Adekunle','M',140,48),(902,'Odunayo Folasade Adekuoroye','F',169,53),(903,'Carolyn Adel','F',163,52),(904,'Gun Margareta del (-Nilsson)','F',163,52),(906,'Peter Adelaar','M',213,135),(907,'Irfan Adelbi','M',185,90),(908,'Ayodele \"Dele\"\" Adeleye\"','M',190,80),(909,'Andr Adelheim','M',177,70),(910,'Hugh Jean \"Danny\"\" Adeline\"','M',0,0),(911,'Antoine Adelisse','M',178,65),(912,'Beatrice Adelizzi','F',175,67),(913,'Marcel Louis Ernest Alfred Charles Albert Adelon','M',0,0),(914,'Lambert Adelot','M',0,0),(915,'Abrar Osman Adem','M',168,58),(916,'Biko Adema','M',177,85),(917,'Joost Adema','M',202,91),(918,'Ademir Roque Kaefer','M',179,74),(919,'Hoche Yaya Aden','M',180,47),(920,'Ibrahim Mohamed Aden Gedi','M',178,75),(921,'Jama Awil Aden','M',176,69),(922,'Jama Mohamed Aden','M',180,68),(923,'Olapade Charles Adeniken','M',186,78),(924,'Aminat Oluwafunmilayo Adeniyi','F',165,58),(925,'Adenzia Aparecida Ferreira da Silva','F',187,65),(926,'Esau Adenji','M',177,70),(927,'Margaret Adetutu Adeoye','F',162,65),(928,'Alfred Ader','M',166,60),(929,'Berhane Adere Debala','F',170,50),(930,'Hanns Aderhold','M',0,0),(931,'Nyakisi Adero','F',0,0),(932,'Ademola Adeshina','M',0,0),(933,'Adsio Alves Machado','M',0,0),(934,'Adeoye Adetunji','M',174,71),(935,'Adevaldo Virglio Netto','M',0,0),(936,'Isiaq Adeyanju','M',162,65),(938,'Cary Glen Adgate','M',173,74),(939,'Kamal Bahadur Adhikari','M',163,69),(940,'David Adiele','M',174,0),(941,'Paul Adiga','M',176,74),(942,'Moriam Seun Adigun','F',153,52),(943,'Arman Adikyan','M',168,66),(944,'Haydy Morsy Adil','F',168,58),(945,'Mirza Adil','M',177,73),(946,'Adel Mohamed Adili','M',176,65),(947,'Adilson de Freitas Nascimento','M',195,88),(948,'Hammed Adio','M',185,63),(949,'Antonio R. Adipe Marrone','M',0,0),(950,'Ilana Adir (-Kamarshik)','F',165,58),(951,'Evelyn Adiru','F',162,50),(952,'Badathala Adisekhar','M',0,53),(953,'Franck Adisson','M',180,70),(954,'Adiyasambuu Tsolmon','F',165,65),(955,'Jikirum Adjaluddin','M',0,0),(956,'Richard \"Richy\"\"  Adjei\"','M',190,110),(957,'Sammi Adjei','M',0,0),(959,'Christian Donfack Adjoufack','M',175,80),(960,'Amanda Jo Adkins (-Schneider)','F',173,61),(961,'Bradley Don \"Brad\"\" Adkins\"','M',188,80),(962,'Charles \"Chuck\"\" Adkins\"','M',0,0),(963,'Derrick Ralph Adkins','M',188,80),(964,'Robert Edward \"Bob\"\" Adlard\"','M',0,0),(965,'Alan Adler','M',186,80),(966,'Daniel Adler','M',180,72),(967,'Egon Adler','M',172,62),(968,'Margarete \"Grete\"\" Adler\"','F',0,0),(969,'Harry Herchel Adler','M',0,0),(970,'Lena Kristina Adler','F',162,56),(971,'Uwe Adler','M',182,77),(972,'Herman Aleksandrovich Adlerberg','M',0,0),(973,'Gregor Nils Henric Adlercreutz','M',0,0),(974,'Nils August Domingo Adlercreutz','M',0,0),(975,'Anna Mrtha Vilhelmina Adlerstrhle (von Oelreich-)','F',0,0),(976,'Jonna Eva-Maj Adlerteg','F',153,38),(977,'Erik William Adlerz','M',0,0),(978,'Mrta Elvira Adlerz (-Hermansson)','F',0,0),(979,'Hans Adlhoch','M',177,70),(980,'Rebecca \"Becky\"\" Adlington\"','F',179,70),(981,'Katrin Adlkofer','F',177,62),(982,'Hamdi Adly El-Seoudi Ibrahim','M',194,82),(984,'Jane Admans','F',165,53),(985,'Megra Admassou','M',177,65),(986,'Adriana Johanna Jacoba Admiraal-Meijerink','F',0,0),(987,'Khadour Adnan','M',173,81),(989,'Gadi Ado','M',173,61),(991,'Christopher Silas Adolf','M',168,59),(992,'Josef Adolf','M',0,0),(993,'Ruth Adolf','F',165,56),(995,'Jan Erik Adolfsen','M',0,0),(996,'Karl Tage Herbert Adolfsson','M',182,72),(997,'Lars Olof Melker Adolfsson','M',183,81),(998,'ke Ronnie Adolfsson','M',180,77),(999,'Sune Roland Adolfsson','M',180,74),(1000,'Dainius Adomaitis','M',202,100),(1001,'Svajnas Adomaitis','M',175,55),(1002,'Daniel Adomako','M',170,69),(1003,'Lena Annika Adomat','F',162,56),(1004,'Aurimas Adomaviius','M',204,100),(1005,'Neil Isaac Adonis','M',182,93),(1007,'Istvn Adorjn','M',0,0),(1008,'Jnos Adorjn','M',192,83),(1009,'William Adornado','M',187,77),(1010,'Jean-Luc Adorno','M',180,64),(1011,'Omar Adorno','M',160,51),(1012,'Rubn Adorno Melndez','M',190,91),(1013,'Barthelmy Adoukonu','M',160,55),(1014,'Martin Natchaba Adouna','M',167,68),(1015,'Conrad Adriaenssens','M',0,0),(1017,'Nathan Ghar-Jun Adrian','M',198,100),(1018,'Vera Adrian','F',168,57),(1019,'Selvyana Adrian-Sofyan','F',151,52),(1020,'Adriana Aparecida dos Santos','F',180,61),(1021,'Eduardo \"Bto\"\" Adriana\"','M',176,120),(1022,'Sharnol Leonard Adriana','M',185,95),(1023,'Adriana \"Adrianinha\"\" Moiss Pinto\"','F',170,65),(1024,'Elisngela Maria Adriano','F',180,96),(1025,'Attila Adrovicz','M',189,87),(1026,'Carlos Adsera Puig','M',173,72),(1027,'Mark J. Adshead','M',173,65),(1028,'Fredua Koranteng \"Freddy\"\" Adu\"','M',170,66),(1029,'Carlos Adueza Troll','M',0,0),(1030,'Martha Adusei','F',165,64),(1031,'Aduuchiin Baatarkh','M',185,82),(1032,'Serhiy Mykolaiovych Advena','M',190,82),(1033,'Adyaagiin Jgdernamjil','M',154,52),(1034,'Viktoriya Adyeva','F',160,55),(1035,'Erkin Adylbek uulu','M',190,80),(1036,'Olga Olegovna Adzhigerskaya','F',192,65),(1037,'Rustam Iwanovych Adzhy','M',175,69),(1038,'orbergur Aalsteinsson','M',190,90),(1039,'Silulu A\"etonu (-Grey)','F',170,59),(1040,'Urs Aeberhard','M',180,98),(1042,'Adolf Aebersold','M',0,0),(1043,'Regula Aebi (-Anliker)','F',170,58),(1044,'David Aebischer','M',186,85),(1045,'Christian Aebli','M',180,95),(1046,'Klaus Aeffke','M',189,82),(1047,'Carl Bror Emil \"Kalle\"\" Aejemelaeus (-im)\"','M',169,0),(1048,'Eduard Aellig','M',181,93),(1049,'Lon Joseph Aelter (-Freddy)','M',0,0),(1050,'Hansjrg Aemisegger','M',175,75),(1051,'Mechelina Agnes Elisabeth \"Lies\"\" Aengenendt\"','F',0,0),(1052,'Jasper Aerents','M',191,86),(1053,'Luca Aerni','M',177,80),(1054,'Jean Aerts','M',0,0),(1055,'Katrien Aerts','F',162,51),(1056,'Mario Aerts','M',182,68),(1057,'Sara Aerts','F',182,64),(1058,'Andreas Aeschbach','M',178,67),(1059,'Marianne Aeschbacher','F',166,50),(1060,'Marita Aeschbacher','F',173,64),(1061,'Frdric Charles Aeschlimann','M',0,0),(1062,'Jean-Jacques Aeschlimann','M',186,86),(1063,'Peter Aeschlimann','M',186,86),(1064,'Albert Aeschmann','M',0,74),(1065,'Oscar Adolf Richard af Strm','M',0,0),(1066,'Paulus Reinhold af Uhr','M',0,0),(1067,'Hamed Afagh Eslamieh','M',188,82),(1068,'Neill Afanador Prez','M',175,68),(1069,'Nikolay Konstantinovich Afanasyev','M',187,80),(1070,'Valery Yevgenyevich Afanasyev','M',175,79),(1071,'Kseniya Dmitriyevna Afanasyeva','F',158,48),(1072,'Yelena Aleksandrovna Afanasyeva (Vlasova-)','F',164,56),(1073,'Mustapha Afandi','M',175,74),(1074,'Khairulnizam Mohd Afendy','M',182,70),(1075,'Abel Aferalign','M',169,54),(1076,'Jammal-ud-Din Affendi','M',0,0),(1077,'Xavier Affentranger','M',0,0),(1078,'Franois Jacques Affolter','M',186,74),(1079,'Konrad Affolter','M',187,87),(1080,'Ahmed Afghan','M',180,82),(1081,'Alessia Afi Dipol','F',168,58),(1082,'Ahmed Afifi','M',194,92),(1084,'Shimaa Afifi','F',163,54),(1085,'Maksim Sergeyevich Afinogenov','M',183,88),(1086,'Madjid Aflaki Khamesh','M',184,77),(1087,'Evelina Afoa','F',162,60),(1088,'Olabisi \"Bisi\"\" Afolabi\"','F',180,62),(1089,'Vladimir Afonin','M',189,67),(1090,'Inha Mykolavna Afonina','F',0,0),(1091,'Nuno Miguel Figueiredo Afonso','M',190,85),(1092,'Paixo Afonso','M',176,80),(1093,'Marina Anatolyevna Aframeyeva','F',171,62)
go
INSERT INTO person VALUES (1094,'Felicia Afrsiloaie (-Jitianu)','F',178,70),(1095,'Cecil Sebastian Afrika','M',175,75),(1096,'Hannah Afriyie','F',165,52),(1097,'Georgios Afroudakis','M',194,103),(1098,'Khristos Afroudakis','M',188,88),(1099,'Mehrdad Afsharian Tarshiz','M',172,69),(1100,'Ibrahim Afsharpour','M',0,0),(1102,'Muhammad Afzal','M',169,78),(1103,'Muhammad Afzal','M',184,69),(1104,'Muhammad Afzal Manna','M',173,76),(1105,'Mirza Najib Aga','M',0,0),(1106,'Karim El-Husseini Aga Khan','M',0,0),(1107,'Timothy Ernest Victor Kwizera \"Tim\"\" Agaba\"','M',193,104),(1108,'Drago Agache','M',175,75),(1109,'Lavinia Agache (-Carney)','F',148,40),(1110,'Aleksandr Agafonov','M',190,86),(1111,'Alisa Agafonova','F',171,0),(1112,'Alphonsine Agahozo','F',160,50),(1113,'Victor Okechukwu Agali','M',193,82),(1114,'Luca Agamennoni','M',187,93),(1115,'Marina Aganina','F',158,51),(1116,'Eldijana Dana Aganovi (-Bentsen)','F',173,59),(1117,'Gennady Mikhaylovich Agapov','M',181,76),(1118,'Francilla Agar (-Schofield)','F',170,55),(1119,'Mark Sidney Andrew Agar','M',0,0),(1120,'Steven Kirwan teve\"\" Agar\"','M',182,72),(1121,'Arturo Ernesto Agard','M',195,96),(1122,'Andre Kirk Agassi','M',180,80),(1123,'Arthure Agathine','M',180,72),(1124,'Krikor Agathon','M',0,0),(1125,'Rstm Aayev','M',186,96),(1126,'Vilayt Aayev','M',168,62),(1127,'Giancarlo Agazzi','M',178,73),(1128,'Gladstone Agbamu','M',179,74),(1129,'Leopold Agbazo','M',159,54),(1130,'Ajayi Agbebaku','M',185,80),(1131,'Clarisse Agbegnenou','F',164,66),(1132,'Agberto Correa de Matos','M',193,97),(1133,'Sonya Agbssi','F',167,66),(1134,'Komi-Mawussi Agbetoglo','M',0,0),(1135,'Francis Agbo','M',184,66),(1136,'Jos V. Agdamag, Jr.','M',163,61),(1137,'William Ashby \"Bill\"\" Agee\"','M',0,0),(1138,'Iwao Ageishi','M',166,72),(1139,'Craig John Agena','M',170,66),(1140,'Ronald Jean-Martin Agnor','M',180,79),(1141,'Franco Agentho','M',0,60),(1142,'Wendy Caroline Ager-Grant','F',163,55),(1143,'Jesper Agergrd Jensen','M',180,69),(1144,'Henrik Agersborg','M',0,0),(1145,'Maia Kristiane Agerup','F',172,0),(1146,'Ragna Agerup','F',168,0),(1147,'Viktor Ivanovich Ageyev','M',184,80),(1148,'Krishnan Kumar Aggarwal','M',167,55),(1149,'Neha Aggarwal','F',170,67),(1150,'Sven Ingvar Agge','M',0,0),(1151,'Harald Agger','M',0,0),(1152,'Khoudir Aggoune','M',175,66),(1153,'Edward Jeff Aggrey-Fynn','M',180,74),(1154,'Adalbert Agh','M',186,90),(1155,'Istvn gh','M',176,82),(1156,'Norbert gh','M',194,78),(1157,'Olivr gh','M',187,78),(1158,'Mamed Aghaev','M',177,84),(1159,'Julius Aghahowa','M',173,75),(1160,'Nasser Aghaie','M',160,51),(1161,'Emanoul B. Aghasi (Agassian-)','M',0,0),(1162,'Levon Aghasyan','M',193,75),(1163,'Joseph Aghoghovbia','M',190,83),(1164,'Naroa Agirre Kamio','F',177,63),(1165,'Vladimir Agishev','M',171,70),(1166,'Joanna Jane Agius','F',170,61),(1167,'Neil Agius','M',168,65),(1169,'Marilyn Agliotti','F',172,58),(1170,'Aurlien Agnan','M',171,62),(1171,'Benjamin Agnel','M',175,75),(1172,'Marysette Agnel','F',0,0),(1173,'Yannick Agnel','M',202,90),(1174,'Robert David Garrick Agnew','M',0,0),(1175,'Claudio Agnisetta','M',165,64),(1176,'Nemo Agodi','M',0,0),(1177,'Kally Agogo','M',182,82),(1178,'Jeffrey Allan \"Jeff\"\" Agoos\"','M',175,79),(1179,'Gregorio Ags Muruzabal','M',0,0),(1180,'Marc Agosta','M',173,60),(1181,'Meghan Christina Agosta (-Marciano)','F',168,67),(1182,'Pedro Emanuel Costa Agostinho','M',174,64),(1183,'Dante Agostini','M',173,68),(1184,'Jorge Agostini Villasana','M',0,0),(1185,'Michael George Raymond \"Mike\"\" Agostini\"','M',171,66),(1186,'Paul Agostino','M',184,84),(1187,'Andrew \"Andy\"\" Agosto\"','M',0,51),(1188,'Benjamin Alexandro \"Ben\"\" Agosto\"','M',178,75),(1189,'Imre goston','M',0,0),(1190,'Simon Agoston','M',179,64),(1191,'Judit goston-Mendelnyi','F',164,62),(1192,'Carlo Agostoni Faini','M',170,0),(1193,'Hernn Marcelo Agote','M',0,0),(1194,'Eduardo Nilton Agra Galvo','M',194,78),(1195,'Salvador Jos Milhazes Agra','M',168,70),(1196,'Anna Agrafioti','F',178,76),(1198,'Jess Agramonte Terry','M',191,80),(1199,'Slim Agrebi','M',0,0),(1200,'Debora Agreiter','F',166,52),(1201,'Erik Alfred gren','M',0,0),(1202,'Ulrika Maria gren','F',176,74),(1203,'Renzo Pasquale Zeglio Agresta','M',181,76),(1204,'Lindy Brigitte Agricole (Leveau-)','F',175,70),(1205,'Christel Agrikola','F',173,66),(1206,'Georg Agrikola','M',195,89),(1207,'Georgios Agrimanakis','M',173,64),(1209,'Laura Agront Snchez-Pimion (-Hobbs)','F',179,57),(1210,'Spyros Agrotis','M',170,59),(1211,'Estella tella\"\" Agsteribbe (-Blits)\"','F',0,0),(1212,'Ral Alfonso Aguayo Saladin','M',189,82),(1213,'Norisbeth Isais Agudo Gonzlez','F',163,55),(1214,'Eric Agueh','M',180,72),(1215,'Ernesto Agero Shell','M',0,163),(1217,'Mario Felipe Aguero Medrano','M',0,0),(1218,'Pedro Luciano Agero Ceballos','M',165,60),(1219,'Rubn Jos Agero','M',191,78),(1220,'Sergio Leonel Agero del Castillo','M',172,74),(1221,'Taismary \"Tai\"\" Agero Leiva (-Botteghi)\"','F',175,70),(1222,'ngel Aguiar Garca','M',0,0),(1223,'Anoumou Aguiar','M',172,67),(1224,'Gonzalo Aguiar Martnez','M',175,62),(1225,'Joo Paquete Aguiar','M',0,0),(1226,'Luis M. Aguiar Donatti','M',190,90),(1227,'Rubn Humberto Aguiar','M',167,64),(1228,'Samuel Aguiar','M',0,0),(1229,'Jos Luiz Aguiar e Ramalho','M',0,0),(1230,'Barry Aguibou','M',171,51),(1231,'Claudio S. guila','M',191,82),(1232,'Judith guila Hernndez','F',192,80),(1233,'Alberto Martn Aguilar Surez','M',194,80),(1234,'Alessandra Aguilar Morn','F',165,50),(1235,'Andreas Aguilar','M',168,67),(1236,'Andrey Alberto Aguilar Komissarov','M',178,72),(1237,'Antonio Aguilar Chastellain','M',179,77),(1239,'Eduardo Aguilar Estrada','M',173,71),(1240,'Elisabeth \"Elisa\"\" Aguilar Lpez\"','F',172,75),(1241,'Enrique Aguilar Zermeno','M',157,54),(1242,'Evelis Jazmin Aguilar Torres','F',173,64),(1243,'Felipe Aguilar Mendoza','M',191,72),(1244,'Felipe Aguilar Schler','M',170,72),(1245,'Fernando Aguilar Camacho','M',178,64),(1246,'Florencio Aguilar Mejia','M',168,62),(1247,'Iaki Aguilar Vicente','M',189,82),(1248,'Irving Jaime Aguilar Robles','M',173,64),(1249,'Jos Aguilar Pulsn','M',173,64),(1250,'Juan Aguilar','M',174,75),(1251,'Karel Aguilar Chacn','M',175,85),(1252,'Luis Enrique Aguilar Brenes','M',179,71),(1253,'Luis Aguilar','M',183,85),(1254,'Macarena Aguilar Daz','F',170,67),(1256,'Mario David Aguilar','M',177,78),(1257,'Maximiliano Aguilar Salazar','M',161,70),(1258,'Michael Aguilar','M',178,77),(1259,'Natalia Irina \"Natasha\"\" Aguilar Komissarova\"','F',163,54),(1260,'Domingo Omar Aguilar Cardenas','M',171,62),(1261,'Rafael Aguilar Morillo','M',178,74),(1262,'Sandra Aguilar Navarro','F',167,50),(1263,'Severino Aguilar Fruto','M',164,70),(1264,'Wendy Aguilar','F',0,0),(1265,'Yulenmis Aguilar Martnez','F',165,66),(1266,'Ana Carolina Aguilera','F',161,53),(1267,'Errol Aguilera','M',175,77),(1268,'Esteban Aguilera Leiva','M',169,60),(1269,'Jessica Carolina Aguilera Aguilera','F',167,57),(1270,'Jorge Luis Aguilera Ruiz','M',172,64),(1271,'Tomas Alonso Aguilera Armendariz','M',202,95),(1272,'Yosvany Aguilera Zamora','M',163,54),(1273,'Lua del Mar Aguili Ribera','F',170,67),(1274,'Julen Aguinagalde Akizu','M',196,113),(1275,'Carlos Aguirre','M',183,72),(1276,'Carlos Aguirre','M',178,64),(1277,'Carolina Aguirre Giraldo','F',160,59),(1278,'Damaris Gabriela Aguirre Aldaz','F',163,75),(1279,'rick Germain Aguirre Tafolla','M',170,60),(1280,'Facundo Aguirre','M',182,78),(1281,'Gabriela Aguirre','F',164,58),(1282,'Gustavo Hernando Aguirre','M',185,75),(1283,'Jeinkler Ernesto Aguirre Manso','M',165,57),(1286,'Jorge David Aguirre Wardi','M',0,0),(1287,'Jos Luis Aguirre Arruti','M',186,82),(1288,'Juan Luis Aguirre Barco','M',0,0),(1289,'Luis Domingo Aguirre Barreyro','M',0,0),(1290,'Marcelo Vctor Aguirre','M',174,66),(1291,'Mason Singer Aguirre','M',183,68),(1292,'Ordan Ramn Aguirre','M',170,65),(1293,'Rolando Julin Aguirre Barreyro','M',0,0),(1294,'William Duilio Aguirre Villavicencio','M',173,65),(1295,'Luis Aguirrebea Gabiola','M',0,0),(1296,'Pedro Manuel Aguirrebea Gabiola','M',0,0),(1297,'Matas Aguirregaray Guruceaga','M',183,78),(1298,'Diego Aguirregomezcorta','M',190,83),(1299,'Mikel Aguirrezabalaga Garca','M',196,92),(1300,'Marianne Agulhon','F',170,56),(1301,'Sri Wahyuni Agustiani','F',147,47),(1302,'Agustn Rodrguez Santiago','M',191,85),(1303,'Manuel Agustn Peypoch','M',0,0),(1304,'Gurn Fema gstsdttir','F',166,56),(1305,'Jos Agut Bonfills','M',178,68),(1306,'Lameck Aguta Orero','M',173,59),(1307,'Albert Agyemang','M',169,70),(1308,'Joseph Agyemang-Gyau','M',168,69),(1309,'Francis Keita Agyepong','M',179,73),(1310,'Jacqueline Nana A. D. \"Jackie\"\" Agyepong\"','F',172,63),(1311,'Nicholas Mark \"Nick\"\" A\"Hern\"','M',169,61)
go
INSERT INTO person VALUES (1312,'Michael H. G. Ah Matt','M',188,73),(1313,'Robyn Mokihana Ah Mow-Santos','F',172,67),(1314,'Juliette Chantal Ah-Wan','F',155,57),(1315,'Sabiahmad Abdullah Ahad','M',168,68),(1316,'Feta Ahamada','F',160,50),(1317,'Younes Al-Ahamdi','M',167,60),(1318,'Joseph Ahanda','M',160,54),(1319,'Clarice Ahanotu','F',165,51),(1320,'Kelsie Ahbe','F',170,63),(1321,'Daniel William \"Dan\"\" Ahearn (Ahearne-)\"','M',178,69),(1322,'Kevin Joseph Ahearn','M',175,73),(1323,'Timothy Joseph \"Tim\"\" Ahearne\"','M',170,57),(1324,'Frederick Anthony \"Fred\"\" Ahern\"','M',0,0),(1325,'Patrick Lee \"Pat\"\" Ahern\"','M',183,73),(1326,'Michael Kofi \"Mike\"\" Ahey\"','M',196,72),(1327,'Koku Mensah Ahiaku','M',175,69),(1328,'Stephen Dotse Koblah Ahialey','M',0,0),(1329,'Lahcen Ahidous','M',188,84),(1330,'Augustine Ahinful','M',177,74),(1332,'Toivo Eemil Ahjopalo (Andelin-)','M',174,69),(1333,'Bruno Valfrid Ahlberg','M',168,70),(1334,'Flemming Ahlberg','M',175,63),(1335,'Gillis Ferdinand Ahlberg','M',0,0),(1336,'Mats Bertil hlberg','M',179,78),(1337,'Olof Ahlberg','M',0,0),(1338,'Erik Torsten Ahldn','M',182,67),(1339,'William Alexander (Wilhelm Alexander-) Ahlemeyer','M',0,0),(1340,'Annica Gunilla hln','F',177,75),(1341,'Johan Petter hln (Andersson-)','M',0,0),(1342,'Thomas Valter hln','M',182,90),(1343,'Emilio Leodegardo Ahlers Salome','M',179,81),(1344,'Jos Pablo A. Ahlers Henderson','M',181,80),(1345,'Maria \"Ria\"\" Ahlers (-Steenpaal)\"','F',187,68),(1346,'Anselm Ahlfors','M',0,0),(1347,'Alexis Malkolm Ahlgren','M',158,56),(1348,'Anders Oscar Ahlgren','M',0,0),(1349,'Elisabeth Ulla Johanna kesdotter Ahlgren (-Borglin)','F',0,0),(1350,'George Lewis Ahlgren','M',0,0),(1351,'Mats Lennart Ahlgren','M',190,80),(1352,'Nils Bertil Ahlin','M',0,0),(1353,'Erik Lennart Ahlin','M',185,78),(1354,'Johanna Maria Helne Ahlm','F',175,69),(1355,'Henrik Aleksander \"Heikki\"\" hlman (-Pennola)\"','M',0,0),(1356,'Christian Ahlmann','M',189,80),(1357,'Else Margrethe Ahlmann-Ohlsen','F',0,0),(1358,'Kerstin Lucia Ahlqvist (-Winnberg)','F',0,0),(1359,'Thure Johan Ahlqvist','M',0,0),(1360,'Tor Ahlsand','M',186,78),(1361,'Per Egil Ahlsen','M',182,75),(1362,'Anna Margareta \"Ann-Margret\"\" Ahlstrand (-Osterman)\"','F',0,0),(1363,'Bengt Anders Ahlstrm','M',180,72),(1364,'Sten Olov \"Olle\"\" hlund\"','M',0,0),(1365,'Gustav Rune hlund','M',0,0),(1366,'Jitendarjit Singh Ahluwalia','M',179,69),(1368,'Bashir Ahmad','M',175,65),(1369,'Ibrahim Ahmad','M',177,70),(1370,'Sheikh Mahmood \"Joe\"\" Ahmad\"','M',177,63),(1371,'Maqsood Ahmad','M',178,60),(1372,'Mohamed Ahmad Ali Gharib Juma','M',178,73),(1373,'Ramli Ahmad','M',175,67),(1374,'Tontowi Ahmad','M',179,72),(1375,'Waseem Ahmad','M',165,64),(1376,'Yahya Ahmad','M',146,57),(1377,'Elaheh Ahmadi','F',160,62),(1378,'Arne Per hman','M',176,64),(1379,'Jrg Ahmann','M',190,88),(1380,'Christine M. \"Crissy\"\" Ahmann-Leighton (-Perham)\"','F',172,52),(1381,'Abdalla Ahmed','M',198,72),(1382,'Abdel Latif Ahmed','M',202,90),(1384,'Abdullah Ali Ahmed','M',181,73),(1385,'Adnan Ahmed','M',174,70),(1386,'Muhammad Akhlaq Ahmed','M',0,0),(1387,'Alaa Ahmed Khdhayir','M',170,69),(1388,'Alaa El-Din Ahmed','M',189,91),(1389,'Muhammad Ashfaq Ahmed','M',162,62),(1390,'Azneem Ahmed','M',169,65),(1391,'Bashir Ahmed','M',171,67),(1392,'Esraa Ahmed El-Sayed','F',150,63),(1393,'Fareed Ahmed','M',0,0),(1394,'Ghofran Ahmed Zaki','M',192,68),(1397,'Hassan Kamel Ahmed','M',0,0),(1398,'Heba Ahmed','F',176,72),(1400,'Ishtiaq Ahmed','M',170,62),(1401,'Mahmoud Ahmed','M',184,82),(1402,'Manzoor Ahmed','M',169,75),(1404,'Mohammed Abdul Elah Ahmed','M',170,61),(1405,'Mohammed Ahmed','M',182,56),(1406,'Muhammad Anis Ahmed','M',177,74),(1407,'Mumtaz Ahmed','M',178,79),(1408,'Mushtaq Ahmed','M',170,70),(1409,'Mushtaq Ahmed','M',173,61),(1410,'Nasir Ahmed','M',165,65),(1411,'Raed Ahmed','M',0,98),(1412,'Riaz Ahmed','M',150,70),(1413,'Samia Mohamed Hagrass Ahmed','F',170,57),(1414,'Shahbaz Ahmed','M',175,61),(1415,'Shakeel Ahmed','M',0,0),(1416,'Shamha Ahmed','F',150,42),(1417,'Shehabeldin Ahmed Saad Ahmed Saad','M',174,73),(1418,'Sohail Ahmed','M',174,57),(1419,'Zemzem Ahmed Deko','F',170,53),(1420,'Ehab Fuad Ahmed Nagi','M',175,65),(1421,'Masbah Ahmmed','M',0,0),(1422,'Ahn Jin-Soo','M',178,70),(1423,'Manfred Ahne','M',174,77),(1424,'Arthur Ahnger','M',0,0),(1425,'Eugen Nikolaus Ahnstrm','M',0,0),(1426,'Aimo Antero Aho','M',186,92),(1427,'Matti Olavi Aho','M',181,83),(1428,'Paavo Aho','M',180,63),(1430,'Seppo Risto Aho','M',174,70),(1431,'Viljo Johannes Aho','M',174,69),(1432,'Seppo Johannes Ahokainen','M',178,82),(1433,'Juha Matti Ahokas','M',189,116),(1434,'Kouame Calixte Aholou','M',174,65),(1435,'Janne Petteri Ahonen','M',184,66),(1436,'Leo Vilhelm Ahonen','M',197,96),(1437,'Pirjo Hannele Ahonen (Nieminen-, Blomqvist-)','F',173,61),(1438,'Odile Ahouanwanou','F',178,71),(1439,'Murielle Ahour','F',165,58),(1440,'Herwig Ahrendsen','M',180,77),(1441,'Erich Ahrendt','M',174,81),(1442,'Peter Ahrendt','M',169,66),(1443,'Brigitte Ahrenholz','F',178,85),(1444,'Christian \"Chris\"\" Ahrens\"','M',195,97),(1445,'Gaby Diana Ahrens','F',169,60),(1447,'Marlene Ahrens Ostertag (-Ebensperger)','F',176,70),(1448,'Stefan Ahrens','M',178,70),(1449,'Thomas Ahrens','M',163,50),(1450,'Gunnar Johan hs','M',0,0),(1451,'Mohammad Ahsan','M',173,72),(1452,'Mustafa M. Ahshad','M',0,113),(1453,'Nicole Ahsinger','F',163,58),(1454,'Gustav Edgar Trner hsman','M',0,0),(1455,'Neha Ahuja','F',162,54),(1457,'Daniel Ahumada Gaete','M',0,0),(1458,'Herminio F. Ahumada Ortiz','M',175,0),(1460,'Johannes Ahun','M',187,76),(1461,'Viktor Ahven','M',187,103),(1462,'Michelle-Lee Raquel Ahye','F',160,64),(1463,'Ai Linuer','M',160,62),(1464,'Ai Yanhan','F',168,54),(1465,'Jrmy Aicardi','M',178,83),(1466,'Matteo Aicardi','M',192,102),(1467,'Mara Magdalena Aicega Amicarelli','F',165,60),(1468,'Mohamed Al-Aich','M',185,73),(1469,'Hans Aichele','M',0,0),(1470,'Utz Aichinger','M',180,78),(1471,'Juan ngel Luis Aichino','M',0,0),(1472,'Vlad-Drago Aicoboae','M',197,91),(1473,'Hideaki Aida','M',175,71),(1474,'Chrif Baba Aidara','M',177,70),(1475,'Aleksis Aide','M',0,0),(1476,'Mehdi Aidet','M',172,65),(1477,'Neringa Aidietyt','F',177,60),(1478,'Rosaria Aiello','F',172,74),(1479,'Pasquale Aiese','M',176,76),(1480,'Franz Aigner','M',0,107),(1481,'Hannes Aigner','M',183,75),(1482,'Ingeborg \"Inge\"\" Aigner (-Weichert)\"','F',172,67),(1483,'Nobuyuki Aihara','M',154,53),(1484,'Toyoyi Aihara','M',0,0),(1485,'Yutaka Aihara','M',156,55),(1486,'Kerstin Monika ij (-Lenndin)','F',166,63),(1487,'Ryoji Aikawa','M',183,85),(1488,'Harry Leslie Aikines-Aryeetey','M',180,87),(1489,'Alexander Michael Hirst Aikman','M',0,0),(1490,'Clelia Ailara','F',169,61),(1491,'Alessandro Aimar','M',178,68),(1493,'Lucien Aimar','M',170,0),(1495,'Richard Aimonetto','M',183,86),(1496,'Giacomo Aimoni','M',170,72),(1497,'Djamel Ainaoui','M',175,58),(1498,'Charles Benedict \"Ben\"\" Ainslie\"','M',183,90),(1499,'Ian Richard Ainslie','M',190,89),(1500,'Kurt Harold Ainsworth','M',187,84),(1501,'Sarah Catherine Ainsworth','F',170,61),(1502,'Sophie Claire Ainsworth','F',173,68),(1503,'John Creyghton Ainsworth-Davis','M',0,0),(1504,'Armi Ursula Airaksinen (-Bveryd)','F',166,59),(1505,'Joan Winnifred Airey (-Weedon)','F',0,0),(1506,'Mauro Gabriel Airez','M',188,70),(1507,'Markku Erkki Airio','M',188,97),(1508,'Enrico Airoldi','M',0,0),(1509,'Remo Airoldi','M',0,0),(1510,'Anna Airy (-Pocock)','F',0,0),(1511,'Michael Christopher Aish','M',175,60),(1512,'Robin Allingham Aisher','M',185,85),(1513,'Nicolas Assat','M',175,61),(1514,'Tassadit Assou','F',184,80),(1515,'Saiyidah Aisyah Mohamed Rafa\"ee','F',173,68),(1516,'Rachid Ait Atmane','M',190,76),(1517,'Hamid Ait Bighrade','M',164,54),(1518,'Kamel Ait Daoud','M',180,70),(1519,'Anasse At El Abdia','M',180,66),(1520,'Miloud Ait Hammi','M',178,69),(1521,'Amina \"Mina\"\" At Hammou\"','F',166,52)
go
INSERT INTO person VALUES (1522,'Seltana At Hammou','F',163,48),(1523,'Makhlouf Ait Hocine','M',182,79),(1524,'Ahmed Ait Moulay','M',0,0),(1525,'Zied Ait Ouagram','M',191,75),(1526,'Samir At Sad','M',167,65),(1527,'Souad At Salem (-Mahour-Bacha)','F',158,50),(1528,'Brahim Ait Sibrahim','M',0,0),(1529,'Fiorella Ata Junek','F',170,65),(1530,'Gordon \"Gord\"\" Aitchison\"','M',0,0),(1531,'Frances Helen Aitchison (-Leisk)','F',0,0),(1532,'Andrew Irving \"Andy\"\" Aitken\"','M',0,0),(1534,'Brett Aitken','M',173,65),(1535,'Kiera Leigh Aitken','F',167,55),(1536,'Robert Ingersoll Aitken','M',0,0),(1537,'William Victor Aitken','M',0,0),(1538,'Vladimir Atoff','M',0,0),(1539,'Marina Aleksandrovna Aitova (Korzhova-)','F',177,58),(1540,'Artur Surenovych Aivazian','M',177,88),(1541,'Yakubu Aiyegbeni','M',170,79),(1542,'Hiroyasu Aizawa','M',169,63),(1543,'Iwao Aizawa','M',0,0),(1544,'Marion Aizpors','F',180,67),(1545,'Hctor Aizpuro','M',181,82),(1546,'Eirini Andili','F',167,45),(1547,'Edward Alabi Ajado','M',0,0),(1548,'Efe Ajagba','M',190,0),(1549,'Mozafar Ajali','M',0,105),(1550,'Irene Ajambo','F',163,69),(1551,'Oluwafemi \"Junior\"\" Ajayi\"','M',172,79),(1552,'Kikelomo Ajayi','F',164,57),(1553,'Astrit Ajdarevi','M',190,80),(1554,'Omar Ajete Iglesias','M',175,93),(1555,'Geard Ajetovi','M',170,67),(1556,'Ebenezer Oluwafemi \"Femi\"\" Ajilore\"','M',185,75),(1557,'Naasan Ajjoub','M',172,91),(1558,'Salem Ajjoub','M',175,90),(1559,'Zita Ajkler','F',170,56),(1560,'Angela Ajodo','F',0,0),(1561,'Mobolade Abimbola Ajomale','M',180,62),(1562,'Olusegun Ajose','M',165,63),(1563,'Benedicta Ajudua','F',155,57),(1564,'Chioma Ajunwa (-Opara)','F',164,57),(1565,'Ahmet Ak','M',163,60),(1566,'Kouadio Vincent Aka-Akesse','M',180,96),(1567,'Yukiko Akaba','F',158,43),(1568,'William Michael Jeffrey Akabi-Davis','M',187,58),(1569,'Kriss Kezie Uche Chukwu Duru Akabusi','M',185,81),(1570,'Ali Akacha','M',185,80),(1571,'Chieko Akagi','F',165,59),(1572,'Kanji Akagi','M',0,0),(1573,'Norihiro Akahoshi','M',170,65),(1574,'Kosei Akaishi','M',172,74),(1575,'Stella Akakpo','F',166,60),(1576,'Toshiro Akamatsu','M',162,56),(1577,'Muideen Akanji','M',0,75),(1578,'Iyabo Akanmu','F',0,0),(1579,'Nasuh Akar','M',0,0),(1580,'Akiko Akasaka','F',150,52),(1581,'Yuichi Akasaka','M',169,64),(1582,'Peter Akatsa','M',163,72),(1583,'Hiroyuki Akatsuka','M',167,65),(1584,'Aleksey Nikolayevich Akatyev','M',184,68),(1585,'Taju Akay','M',194,81),(1586,'Shikashi Akazawa','M',180,77),(1587,'zdemir Akbal','M',178,58),(1588,'Salman Akbar','M',180,85),(1589,'Waqar Akbar','M',172,58),(1590,'Ahmed Akbari Javid','M',178,75),(1591,'Ali Akbarnejad','M',170,72),(1592,'Egamnazar Akbarov','M',172,73),(1597,'smail Akay','M',178,61),(1598,'Tolga Aslan Akcayli','M',0,0),(1599,'Meryem (Mirriam Jepchirchir-) Akda (Mayo-)','F',171,51),(1600,'Tark Langat Akda','M',176,60),(1601,'Vehbi Akda','M',168,62),(1602,'Ahmet Akdilek','M',178,67),(1603,'lknur Akdoan','F',170,58),(1604,'Metin Akdurak','M',187,85),(1605,'Adolfas Akelaitis','M',0,0),(1606,'Patsy Serafina Akeli','F',175,89),(1607,'Anatoly Vasilyevich Akentyev','M',185,80),(1608,'Peter Dag Torsten kerberg','M',173,67),(1609,'Thomas Carl Torsten kerberg','M',180,70),(1610,'Anne Carita kerblom (-Vainio-)','F',185,84),(1611,'Nils Carlsson kerblom','M',0,0),(1612,'Ulf Erik kerblom','M',180,85),(1613,'Harry Mikael kerfelt','M',0,0),(1614,'Rainer Robert kerfelt','M',177,74),(1615,'Rolf Rafael kerfelt','M',180,73),(1616,'Marcus Ricard kerholm','M',179,86),(1617,'Nils Erik kerlindh','M',0,0),(1618,'Ernst Gunnar kerlund','M',0,0),(1619,'Olle Erik Curys kerlund','M',0,0),(1620,'Bruce Robert Akers','M',165,74),(1621,'Charles Arthur \"Charlie\"\" Akers\"','M',177,73),(1622,'Michelle Anne Akers','F',178,68),(1623,'Stephen George Akers','M',190,82),(1624,'Carl Arne Wilhelm kerson','M',183,81),(1625,'Jan-Erik kerstrm','M',172,62),(1626,'Rolf Evert kerstrm','M',192,98),(1627,'Henry \"Hank\"\" Akervall\"','M',0,0),(1628,'Jns Bruno Vincent kesson','M',0,0),(1629,'Lars Arne kesson','M',180,68),(1631,'Bilal Akgl','M',167,59),(1632,'brahim Akgl','M',163,57),(1633,'Sezer Akgl','M',160,55),(1634,'Taha Akgl','M',192,125),(1636,'Svitlana Viktorivna Akhadova','F',170,69),(1637,'Yelena Rabigovna Akhaminova (-Sokolovskaya)','F',181,80),(1638,'Joseph Mukuku Akhasamba','M',183,80),(1639,'Albina Khamitovna Akhatova','F',160,55),(1640,'Giorgos Akhilleos','M',172,75),(1641,'Adkhamdzhon Akhilov','M',169,54),(1642,'Akhat Akhirov','M',0,0),(1643,'Sergey Akhirov','M',0,0),(1644,'Mohamed Reza Akhlagh Pasand','M',160,55),(1645,'Habibollah Jomeh Akhlaghi','M',175,90),(1646,'Davoud Akhlagi Safa','M',168,67),(1647,'Murodzhon Kakharovich Akhmadaliyev','M',165,56),(1648,'Yerdos Zhaksimbinovich Akhmadiyev','M',180,72),(1649,'Artur Kamilevich Akhmatkhuzin','M',187,79),(1650,'Bakhtiyar Shakhabutdinovich Akhmedov','M',190,120),(1651,'Ibad Amirovich Akhmedov','M',160,54),(1652,'Lyutvi Dzhiber Akhmedov','M',184,87),(1653,'Shukhrat Akhmedov','M',0,0),(1654,'Leyla Begnyazovna Akhmerova','F',160,52),(1655,'Damir Akhmetbekov','M',170,70),(1656,'Sofia Akhmeteli','F',163,59),(1657,'Bakhyt Beshimbekovich Akhmetov','M',175,105),(1658,'Rustam Fahimovych Akhmetov','M',185,74),(1659,'Igor Vladimirovich Akhremchik','M',180,79),(1660,'Nataliya Akhrimenko (-Petrova)','F',184,90),(1661,'Doli Akhtar','F',158,53),(1662,'Gulraiz Akhtar','M',172,61),(1663,'Khaled Akhtar','M',185,85),(1664,'Muhammad Akhtar','M',167,62),(1665,'Naeem Akhtar','M',173,65),(1666,'Shabana Akhtar','F',160,51),(1667,'Mirabella Viliamivna Akhunu','F',159,50),(1668,'Aleksandr Akhyun','M',0,0),(1669,'Allan Akia','M',168,66),(1670,'Tadahiro Akiba','M',173,68),(1671,'Takeshi Akiba','M',172,70),(1672,'Mercy Akide (-Udoh)','F',189,79),(1673,'John Akii-Bua','M',188,77),(1674,'Edward Akika','M',176,66),(1675,'Masahiro Akimoto','M',175,63),(1676,'Anatoly Ivanovich Akimov','M',181,84),(1677,'Andrey Aleksandrovich Akimov','M',166,66),(1678,'Vladimir Ivanovich Akimov','M',184,80),(1680,'Oyeronke Akindele','F',166,55),(1681,'Peter Akinlabi','M',168,59),(1682,'Morolake Akinosun','F',163,61),(1683,'Foluke Antinuke Akinradewo','F',191,79),(1684,'Omolade \"Lade\"\" Akinremi\"','F',158,60),(1685,'Kayode Akinsanya','M',0,0),(1686,'Henry Adetokunboh Akinwande','M',196,91),(1687,'Jonathan Akinyemi','M',188,85),(1688,'Mary Akinyemi (-Akinkuowo)','F',168,62),(1689,'Mildred Akinyi \"Milka\"\" Alango\"','F',157,49),(1690,'Mobolaji Iyabode Akiode','F',178,75),(1691,'Erika Akiyama','F',156,44),(1692,'Teruyoshi Akiyama','M',168,65),(1693,'Yasunari Akiyama','M',185,102),(1694,'Yoshiko Akiyama','F',153,0),(1695,'Lahcen Samsam Akka','M',195,120),(1696,'Malika Al-Akkaoui','F',160,49),(1697,'Halil Akka','M',175,58),(1698,'Khadzhimurat Magomedovich Akkayev','M',178,105),(1699,'Johannes \"Johs\"\" Akkerhaugen\"','M',184,80),(1700,'Marina Dazmirovna Akobiya','F',165,57),(1701,'Joshua Emmanuel \"Josh\"\" Akognon\"','M',189,83),(1702,'Eric Akogyiram','M',170,68),(1703,'Ayewoubo Akomatsri','M',168,54),(1705,'Boay Akonay','M',168,62),(1706,'Aleksandr Akondinov','M',0,0),(1707,'Aulis Juhani Akonniemi','M',184,100),(1708,'Charles Kwablan Akonnor','M',186,68),(1709,'Ajtony kos','M',170,65),(1710,'Balkrishan Akotkar','M',171,57),(1711,'Kossi Casimir Akoto','M',167,73),(1712,'Mavis Akoto','F',148,49),(1713,'Artur Vladimirovich Akoyev','M',0,109),(1714,'Ime Akpan','F',165,50),(1715,'Solomon Sunday Osayande onny Ba\"\" Akpata\"','M',185,72),(1716,'Daniel Akpeyi','M',187,80),(1717,'Mehmet Akpnar','M',174,69),(1718,'Justina Akpulo','F',0,0),(1719,'Maria Helene Akraka (-Henriksson)','F',170,55),(1720,'Smart Ekiyegha-Akraka','M',170,64),(1721,'Ahmed Akram Abbas Mahmoud','M',188,80),(1722,'Muhammad Akram','M',180,72),(1723,'Nashat Akram Abid Ali','M',182,75),(1726,'Sigurd Olav Akre-Aas','M',0,0),(1727,'Simo Huvi Akrenius','M',182,83),(1728,'Varvara Akritidou','F',173,78),(1729,'Youssef Akrout','M',180,78),(1730,'Monica Aksamit','F',183,74),(1731,'Anastasiya Sergeyevna Aksenova','F',182,65),(1732,'Liudmyla Vasylivna Aksenova (Shapovalova-)','F',165,58),(1733,'Merey Akshalov','M',179,60),(1734,'Aleksandr Timofeyevich Aksinin','M',173,67),(1735,'Viktor Aksonov','M',185,79),(1736,'Ltf Aksoy','M',0,0),(1738,'Semra Aksu (-Bayan)','F',184,75),(1739,'Kemal Aksur','M',0,0),(1740,'Nikolay Aleksandrovich Aksyonov','M',201,100),(1741,'Alyona Aksyonova','F',172,52),(1742,'Irina Anatolyevna Aksyonova','F',174,62),(1743,'Yelizaveta Vyacheslavovna Aksyonova','F',168,60),(1744,'Sergey Vladimirovich Aksyutin','M',190,100),(1745,'Mohammad Aktar','M',156,48),(1746,'Sonia Aktar','F',0,0),(1747,'Hseyin Akta','M',175,63),(1748,'Serap Akta','F',165,46),(1749,'Shirin Akter','F',159,50),(1750,'Armah Akuetteh','M',175,75),(1751,'Ohenewa Akuffo','F',169,72),(1752,'Yuliya Yurivna Akulenko','F',173,53),(1753,'Marina Sergeyevna Akulova','F',181,70),(1754,'Julius Akumu','M',0,0),(1755,'Chie Akutsu','F',155,51),(1756,'Kozu Akutsu','M',162,51),(1757,'Noah Akwu','M',160,74),(1758,'Vladyslav Ivanovych Akymenko','M',192,88),(1759,'Hasan Al','M',173,67),(1760,'Thijs Joris Al','M',180,72),(1762,'Naser Al Shami','M',187,81),(1763,'Hussein Al-Aameri','M',177,80),(1764,'Kamil Al-Abbasi','M',183,77),(1765,'Abdul Rahman Hassan Al-Abdullah','M',178,65),(1766,'Abdullah Basheer Al-Abdullah','M',0,0),(1768,'Sami Juma Sulaiman Al-Abdullah','M',174,65),(1771,'Saeed Ali Al-Adhreai','M',171,64),(1772,'Qaied Al-Adwani','M',0,0),(1773,'Ahmad Al-Afasi','M',0,0),(1774,'Fawaz Al-Ahmad','M',0,0),(1775,'Salem Mouled Musa\"id Al-Ahmadi','M',185,75),(1776,'Ahmed Sa\"d Mas\"ud Al-Ahmed','M',177,70),(1778,'Abdullah Azzan Al-Akbary','M',183,70),(1779,'Abdullah Sulaiman Al-Akbary','M',180,75),(1780,'Mazoon Khalfan Saleh Al-Alawi','F',182,0),(1781,'Mishal Al-Ali','M',0,0),(1783,'Abdul Azim Mohamed Al-Aliwat','M',155,0),(1784,'Rashid Saad Riyadh Al-Ameeri','M',177,125),(1785,'Mohamed Al-Ammari','M',172,65),(1786,'Ali Ahmed Al-Amri','M',155,51),(1787,'Tariq Ahmed Al-Amri','M',165,49),(1788,'Atallah Al-Anazi','M',174,74),(1789,'Abdullah Mohamed Amer Al-Anbari','M',170,60),(1790,'Adel Al-Anezi','M',163,57),(1793,'Meshal Al-Anzi','M',0,0),(1795,'Ahmad Al-Aosta','M',165,69),(1797,'Dhaher Al-Aryani','M',182,73),(1799,'Yousef Al-Askari','M',175,65),(1800,'Nidal Al-Asmar','M',183,80),(1801,'Jarrah Al-Asmawi','M',0,0),(1802,'Khaled Al-Assaf','M',179,68),(1803,'Ahmed Mahmoud Al-Assiri','M',180,72),(1804,'Mohamed Juma Al-Aswad Al-Makhoun','M',180,80),(1805,'Kamal Ibrahim Al-Athari','M',176,63),(1806,'Rashid Salih Hamad Al-Athba','M',175,90),(1807,'Mary Al-Atrash','F',170,57),(1808,'Hamad Mubarak Al-Attiya','M',0,0),(1809,'Nasser Salih Nasser Abdullah Al-Attiya','M',178,82),(1810,'Hamad Ali Mohamed A Al-Attiyah','M',193,89),(1811,'Abdul Kareem Salah Al-Awad','M',170,63),(1812,'Khaled Anwar Al-Awadhi','M',170,61),(1813,'Ali Hamed Al-Awasa','M',180,70),(1814,'Wael Al-Aydy','M',178,76),(1815,'Khodor Munir Al-Aywan','M',165,67),(1816,'Mohamed Amin Al-Aywan','M',168,67),(1817,'Mohamed Mutlaq Khalaf Al-Azemi','M',178,64)
go
-------------------------------------------
CREATE TABLE person_region(
  person_id int DEFAULT NULL,
  region_id int DEFAULT NULL,

  CONSTRAINT fk_per_per FOREIGN KEY (person_id) REFERENCES person (id),
  CONSTRAINT fk_per_reg FOREIGN KEY (region_id) REFERENCES noc_region (id)
)
go
INSERT INTO person_region VALUES (1,42),(2,42),(3,56),(4,56),(5,146),(6,217),(7,217),(8,146),(9,69),(10,69),(11,69),(12,69),(13,69),(14,69),(15,69),(16,69),(17,69),(18,69),(19,69),(20,151),(21,151),(22,170),(23,151),(24,151),(25,151),(26,151),(27,146),(28,151),(29,146),(30,146),(31,65),(32,151),(33,69),(34,70),(35,151),(36,146),(37,151),(38,151),(39,151),(40,151),(41,151),(42,151),(43,151),(44,65),(45,151),(46,151),(47,151),(48,126),(49,65),(50,65),(51,64),(52,70),(53,61),(55,64),(56,70),(57,33),(59,33),(60,33),(61,33),(62,101),(63,64),(64,40),(65,15),(67,172),(68,9),(69,64),(70,53),(71,53),(72,26),(73,70),(74,9),(75,82),(76,44),(77,44),(78,208),(79,41),(80,64),(81,82),(82,131),(83,41),(84,217),(85,64),(86,64),(87,215),(88,215),(89,41),(90,172),(91,101),(92,101),(93,70),(94,41),(95,82),(96,145),(97,145),(98,131),(99,91),(100,91),(101,149),(103,101),(104,40),(105,4),(106,101),(107,101),(108,101),(109,113),(110,31),(111,155),(112,97),(113,97),(114,113),(115,155),(116,211),(116,61),(117,120),(118,61),(119,61),(120,97),(121,155),(122,167),(123,155),(124,61),(125,127),(126,95),(127,155),(128,95),(129,15),(130,15),(131,15),(132,101),(134,101),(135,146),(136,101),(137,101),(138,97),(140,37),(141,96),(142,217),(143,13),(144,171),(145,217),(146,37),(147,37),(148,37),(149,217),(150,217),(151,217),(152,37),(153,217),(154,126),(155,61),(156,61),(157,61),(158,61),(159,61),(160,62),(161,61),(162,61),(164,61),(165,217),(166,197),(168,113),(169,104),(170,61),(171,61),(172,61),(174,211),(175,61),(177,61),(178,190),(180,61),(181,61),(182,61),(184,61),(185,61),(187,61),(188,61),(191,61),(192,61),(193,61),(193,211),(195,61),(195,211),(196,207),(197,61),(198,61),(199,61),(200,61),(201,61),(202,61),(203,61),(204,116),(205,61),(206,211),(206,61),(207,61),(208,61),(210,61),(211,211),(211,61),(212,61),(213,61),(214,61),(215,61),(216,61),(217,61),(218,61),(219,61),(221,61),(222,61),(223,61),(225,61),(227,61),(228,61),(229,61),(231,61),(232,61),(233,61),(234,190),(235,61),(236,61),(237,70),(238,61),(239,4),(240,61),(241,61),(242,61),(243,61),(244,61),(245,61),(246,61),(247,4),(248,4),(249,4),(250,95),(251,20),(252,13),(253,167),(254,57),(255,61),(256,217),(257,13),(258,160),(259,37),(261,95),(262,44),(263,48),(264,37),(265,61),(266,61),(267,61),(268,40),(269,44),(270,61),(271,61),(272,106),(273,32),(274,97),(275,113),(276,127),(277,61),(278,127),(279,32),(280,190),(282,97),(283,112),(284,196),(286,113),(287,97),(288,167),(289,130),(290,31),(291,112),(292,95),(293,104),(295,66),(296,127),(297,155),(298,155),(299,97),(304,61),(305,112),(306,210),(307,225),(308,113),(309,155),(310,92),(311,97),(312,97),(313,149),(314,37),(315,61),(316,215),(317,159),(318,97),(319,61),(320,61),(321,167),(322,61),(323,217),(324,97),(325,61),(329,113),(330,61),(331,127),(332,256),(334,149),(335,15),(336,15),(337,218),(338,218),(339,15),(340,15),(341,15),(342,113),(343,61),(344,210),(345,210),(346,61),(347,113),(348,113),(349,97),(350,61),(351,217),(352,218),(353,108),(354,218),(355,201),(356,172),(357,201),(359,67),(359,218),(360,215),(360,218),(361,108),(362,105),(363,105),(364,105),(365,105),(366,105),(367,105),(368,105),(369,105),(370,105),(371,105),(372,105),(373,105),(374,105),(375,105),(376,105),(377,105),(379,66),(380,66),(381,4),(382,61),(383,95),(384,44),(385,191),(386,30),(387,64),(388,30),(389,80),(390,217),(391,217),(392,37),(393,71),(394,77),(395,37),(396,80),(397,64),(398,138),(399,151),(400,53),(401,64),(402,80),(403,99),(404,217),(405,131),(406,216),(407,9),(408,64),(409,64),(410,44),(411,66),(412,66),(413,9),(414,194),(415,194),(416,194),(417,194),(418,69),(419,194),(420,194),(421,126),(422,100),(423,217),(424,171),(425,4),(426,191),(427,101),(428,208),(429,187),(430,187),(431,10),(432,43),(433,64),(434,70),(435,77),(436,207),(437,97),(438,149),(439,106),(440,105),(441,105),(442,107),(443,33),(444,70),(445,149),(446,149),(447,21),(448,70),(449,172),(450,15),(451,30),(452,213),(453,75),(454,217),(455,172),(456,146),(457,44),(458,81),(459,149),(460,215),(461,185),(462,115),(463,115),(464,130),(465,13),(466,64),(467,44),(468,61),(469,120),(470,120),(471,61),(472,61),(473,61),(474,61),(475,61),(476,61),(477,61),(478,61),(479,196),(480,61),(481,61),(482,61),(483,61),(484,211),(484,61),(485,97),(486,126),(488,167),(489,97),(490,116),(491,4),(493,4),(494,61),(495,61),(496,61),(497,61),(498,61),(499,120),(500,135),(501,61),(503,149),(504,217),(505,80),(506,170),(507,91),(509,75),(510,41),(511,191),(512,93),(513,163),(514,194),(515,70),(516,171),(517,50),(518,156),(519,75),(520,75),(521,151),(522,151),(523,151),(524,217),(525,217),(526,194),(527,194),(528,194),(529,194),(530,194),(531,217),(532,78),(533,26),(534,213),(535,26),(536,126),(537,78),(538,182),(539,78),(540,215),(541,172),(542,215),(543,172),(544,172),(545,215),(546,215),(547,215),(548,172),(549,51),(550,172),(551,87),(552,87),(553,153),(554,78),(555,164),(556,164),(557,164),(558,70),(559,33),(560,191),(561,80),(562,163),(563,164),(564,53),(565,30),(566,164),(567,157),(568,6),(569,30),(570,53),(571,220),(572,164),(573,70),(574,47),(575,47),(576,64),(577,194),(578,57),(579,172),(580,172),(581,170),(582,215),(583,70),(584,66),(585,217),(586,80),(587,71),(588,172),(589,95),(590,17),(591,97),(592,112),(593,104),(594,127),(595,160),(596,160),(598,104),(599,106),(600,190),(601,160),(602,42),(603,107),(604,149),(605,158),(606,158),(607,116),(608,104),(609,185),(610,105),(611,160),(612,104),(613,112),(614,131),(615,113),(616,105),(617,131),(618,215),(619,215),(620,106),(621,167),(622,104),(623,172),(625,208),(626,70),(627,170),(628,70),(629,70),(630,64),(631,101),(632,101),(633,191),(634,191),(635,101),(636,41),(637,53),(638,53),(639,64),(640,64),(641,41),(642,217),(643,101),(644,216),(645,63),(646,166),(647,47),(648,47),(649,158),(650,37),(651,220),(652,47),(653,47),(654,131),(655,131),(656,75),(657,95),(658,20),(659,126),(660,131),(661,159),(662,64),(663,93),(664,75),(665,70),(666,80),(667,81),(668,81),(669,81),(670,191),(671,120),(672,212),(673,126),(674,126),(675,75),(677,70),(678,146),(679,170),(680,215),(681,212),(682,212),(683,37),(684,61),(685,4),(686,207),(687,207),(688,196),(689,20),(690,146),(691,44),(692,13),(693,43),(694,212),(695,30),(697,194),(698,153),(699,217),(700,75),(701,80),(702,80),(703,146),(704,20),(705,191),(706,191),(707,182),(708,131),(709,53),(710,90),(711,131),(712,9),(713,9),(714,41),(715,41),(716,9),(717,60),(718,131),(719,131),(720,63),(721,220),(722,9),(723,53),(724,220),(725,220),(726,9),(727,216),(728,81),(729,101),(730,81),(731,81),(732,81),(733,91),(734,56),(735,13),(736,37),(737,217),(738,220),(739,216),(740,131),(741,131),(742,9),(743,202),(744,91),(745,163),(746,105),(747,105),(748,105),(749,105),(750,105),(751,105),(752,105),(753,105),(754,153),(755,208),(756,30),(759,190),(760,170),(761,140),(762,217),(763,131),(764,44),(765,178),(766,198),(768,178),(769,80),(770,75),(771,77),(772,37),(773,61),(774,123),(775,80),(776,70),(777,70),(778,91),(779,107),(780,80),(781,190),(782,141),(783,163),(784,71),(785,163),(786,163),(787,163),(788,198),(789,198),(790,131),(791,101),(792,198),(792,55),(793,82),(794,163),(795,163),(796,80),(797,91),(798,95),(799,150),(800,33),(801,217),(802,163),(803,75),(804,180),(805,13),(806,217),(807,217)
go
INSERT INTO person_region VALUES (808,37),(809,75),(810,75),(811,217),(812,171),(813,217),(815,206),(817,13),(818,217),(819,59),(820,217),(821,37),(822,222),(823,13),(824,13),(825,37),(826,172),(827,80),(828,13),(829,217),(830,75),(831,166),(832,75),(833,53),(834,13),(835,13),(836,217),(837,217),(838,37),(839,37),(840,75),(841,71),(842,217),(844,217),(845,194),(846,153),(847,151),(848,163),(849,80),(850,80),(851,163),(852,163),(853,194),(854,103),(855,217),(856,194),(857,194),(858,81),(859,149),(860,163),(861,64),(862,159),(863,185),(864,208),(865,64),(866,208),(867,75),(868,13),(869,75),(870,75),(871,4),(873,4),(874,20),(875,20),(876,70),(877,70),(878,70),(879,171),(880,75),(881,81),(882,81),(883,81),(885,75),(886,81),(887,81),(888,117),(889,81),(890,81),(891,217),(892,77),(892,80),(893,80),(894,107),(895,75),(896,149),(897,149),(898,149),(899,149),(900,31),(901,149),(902,149),(903,192),(904,194),(906,146),(907,104),(908,149),(909,70),(910,178),(911,70),(912,101),(913,70),(914,20),(915,62),(916,107),(917,146),(918,30),(919,57),(920,185),(921,185),(922,185),(923,149),(924,149),(925,30),(926,44),(927,75),(928,163),(929,66),(930,80),(931,212),(932,149),(933,30),(934,149),(935,30),(936,149),(938,217),(939,147),(940,149),(941,212),(942,149),(943,10),(944,61),(945,190),(946,116),(947,30),(948,149),(949,216),(950,99),(951,212),(952,93),(953,70),(954,132),(955,159),(956,80),(957,81),(959,44),(960,217),(961,217),(962,217),(963,217),(964,75),(965,30),(966,30),(967,80),(968,14),(969,30),(970,194),(971,80),(972,172),(973,194),(974,194),(975,194),(976,194),(977,194),(978,194),(979,37),(980,75),(981,71),(981,80),(982,61),(984,75),(985,66),(986,146),(987,196),(989,212),(991,161),(992,198),(993,191),(995,151),(996,194),(997,194),(998,194),(999,194),(1000,122),(1001,122),(1002,81),(1003,194),(1004,122),(1005,171),(1007,91),(1008,91),(1009,159),(1010,138),(1011,166),(1012,166),(1013,21),(1014,204),(1015,20),(1017,217),(1018,143),(1019,92),(1020,30),(1021,2),(1022,146),(1023,30),(1024,30),(1025,91),(1026,64),(1027,75),(1028,217),(1029,41),(1030,37),(1031,132),(1032,213),(1033,132),(1034,106),(1035,108),(1036,106),(1037,213),(1038,98),(1039,12),(1040,191),(1042,191),(1043,191),(1044,191),(1045,191),(1046,80),(1047,172),(1048,14),(1049,20),(1050,191),(1051,146),(1052,20),(1053,191),(1054,20),(1055,20),(1056,20),(1057,20),(1058,191),(1059,70),(1060,191),(1061,191),(1062,191),(1063,191),(1064,191),(1065,194),(1066,194),(1067,95),(1068,166),(1069,172),(1070,215),(1071,172),(1072,172),(1073,126),(1074,127),(1075,66),(1076,1),(1077,191),(1078,191),(1079,191),(1080,95),(1081,204),(1082,61),(1084,61),(1085,172),(1086,95),(1087,175),(1088,149),(1089,215),(1090,67),(1091,164),(1092,6),(1093,172),(1094,170),(1095,171),(1096,81),(1097,82),(1098,82),(1099,95),(1100,95),(1102,155),(1103,155),(1104,155),(1105,93),(1106,95),(1107,171),(1108,170),(1109,170),(1110,218),(1111,208),(1112,173),(1113,149),(1114,101),(1115,218),(1116,51),(1117,215),(1118,58),(1119,75),(1120,58),(1121,156),(1122,217),(1123,178),(1124,61),(1125,15),(1126,15),(1127,101),(1128,149),(1129,21),(1130,149),(1131,70),(1132,30),(1133,21),(1134,204),(1135,70),(1136,159),(1137,217),(1138,105),(1139,217),(1140,88),(1141,212),(1142,75),(1143,56),(1144,151),(1145,151),(1146,151),(1147,215),(1148,107),(1149,93),(1150,194),(1151,56),(1152,4),(1153,81),(1154,170),(1155,91),(1156,91),(1157,91),(1158,10),(1159,149),(1160,95),(1161,95),(1162,10),(1163,149),(1164,64),(1165,215),(1166,136),(1167,136),(1169,171),(1169,146),(1170,21),(1171,70),(1172,70),(1173,70),(1174,13),(1175,101),(1176,101),(1177,149),(1178,217),(1179,216),(1180,123),(1181,37),(1182,164),(1183,101),(1184,53),(1185,206),(1186,13),(1187,166),(1188,217),(1189,91),(1190,14),(1191,91),(1192,101),(1193,9),(1194,30),(1195,164),(1196,82),(1198,53),(1199,207),(1200,101),(1201,194),(1202,194),(1203,30),(1204,178),(1205,71),(1206,71),(1207,82),(1209,166),(1210,54),(1211,146),(1212,59),(1213,220),(1214,21),(1215,53),(1217,53),(1218,9),(1219,9),(1220,9),(1221,53),(1221,101),(1222,53),(1223,204),(1224,64),(1225,6),(1226,216),(1227,9),(1228,164),(1229,30),(1230,85),(1231,9),(1232,53),(1233,220),(1234,64),(1235,71),(1236,50),(1237,64),(1239,64),(1240,64),(1241,131),(1242,47),(1243,47),(1244,41),(1245,64),(1246,156),(1247,64),(1248,131),(1249,53),(1250,9),(1251,53),(1252,50),(1253,131),(1254,64),(1256,63),(1257,131),(1258,25),(1259,50),(1260,41),(1261,64),(1262,64),(1263,156),(1264,131),(1265,53),(1266,9),(1267,206),(1268,53),(1269,145),(1270,53),(1271,131),(1272,53),(1273,166),(1274,64),(1275,131),(1276,131),(1277,47),(1278,131),(1279,131),(1280,9),(1281,9),(1282,9),(1283,53),(1286,9),(1287,64),(1288,64),(1289,9),(1290,157),(1291,217),(1292,220),(1293,9),(1294,145),(1295,41),(1296,41),(1297,216),(1298,9),(1299,64),(1300,70),(1301,92),(1302,64),(1303,64),(1304,98),(1305,64),(1306,107),(1307,81),(1308,81),(1309,75),(1310,75),(1311,13),(1312,13),(1313,217),(1314,178),(1315,127),(1316,48),(1317,126),(1318,44),(1319,149),(1320,37),(1321,217),(1322,217),(1323,75),(1324,96),(1325,217),(1326,81),(1327,204),(1328,81),(1329,126),(1330,81),(1332,69),(1333,69),(1334,56),(1335,194),(1336,194),(1337,194),(1338,194),(1339,217),(1340,194),(1341,194),(1342,194),(1343,216),(1344,216),(1345,146),(1346,69),(1347,194),(1348,194),(1349,194),(1350,217),(1351,194),(1352,194),(1353,194),(1354,194),(1355,69),(1356,80),(1357,56),(1358,194),(1359,194),(1360,151),(1361,151),(1362,194),(1363,69),(1364,194),(1365,194),(1366,93),(1368,155),(1369,167),(1370,75),(1371,155),(1372,210),(1373,127),(1374,92),(1375,155),(1376,127),(1377,95),(1378,194),(1379,80),(1380,217),(1381,61),(1382,61),(1384,116),(1385,61),(1386,155),(1387,97),(1388,61),(1389,155),(1390,130),(1391,155),(1392,61),(1393,155),(1394,61),(1397,97),(1398,61),(1400,155),(1401,61),(1402,155),(1404,97),(1405,37),(1406,155),(1407,155),(1408,155),(1409,155),(1410,155),(1411,97),(1412,155),(1413,61),(1414,155),(1415,93),(1416,130),(1417,61),(1418,155),(1419,66),(1420,227),(1421,17),(1422,110),(1423,71),(1424,69),(1425,194),(1426,69),(1427,69),(1428,69),(1430,69),(1431,69),(1432,69),(1433,69),(1434,204),(1435,69),(1436,69),(1437,69),(1438,21),(1439,43),(1440,71),(1441,80),(1442,80),(1443,77),(1444,217),(1445,143),(1447,41),(1448,80),(1449,80),(1450,194),(1451,92),(1452,116),(1453,217),(1454,194),(1455,93),(1457,41),(1458,131),(1460,65),(1461,69),(1462,206),(1463,42),(1464,42),(1465,70),(1466,101),(1467,9),(1468,4),(1469,191),(1470,71),(1471,9),(1472,170),(1473,105),(1474,141),(1475,172),(1476,4),(1477,122),(1478,101),(1479,101),(1480,14),(1481,80),(1482,14),(1483,105),(1484,105),(1485,105),(1486,194),(1487,105),(1488,75),(1489,13),(1490,101),(1491,101),(1493,70),(1495,70),(1496,101),(1497,70),(1498,75),(1499,171),(1500,217),(1501,75),(1502,75),(1503,75),(1504,194),(1505,75),(1506,9),(1507,69),(1508,101),(1509,101),(1510,75),(1511,153),(1512,75),(1513,70),(1514,4),(1515,256),(1516,4),(1517,126),(1518,4),(1519,126),(1520,126),(1521,126),(1522,126),(1523,4),(1524,126),(1525,207),(1525,126),(1526,70),(1527,4),(1528,126),(1529,158),(1530,37),(1531,75),(1532,75),(1534,13),(1535,22),(1536,217),(1537,8),(1538,70),(1539,106),(1540,213),(1541,149),(1542,105),(1543,105),(1544,71),(1545,131),(1546,82),(1547,149),(1548,149),(1549,95),(1550,212),(1551,149),(1552,149),(1553,194),(1554,53),(1555,176),(1556,149),(1557,196),(1558,196),(1559,91),(1560,149),(1561,37),(1562,149),(1563,149),(1564,149),(1565,208),(1566,43),(1566,70),(1567,105),(1568,181),(1569,75),(1570,4),(1571,105),(1572,105),(1573,105),(1574,105),(1575,70),(1576,105),(1577,149),(1578,149),(1579,208),(1580,105),(1581,105),(1582,107),(1583,105),(1584,172),(1585,81),(1586,105),(1587,208),(1588,155),(1589,155),(1590,95),(1591,95),(1592,218),(1597,208),(1598,222),(1599,208),(1600,208),(1601,208),(1602,208),(1603,208),(1604,208),(1605,122),(1606,175),(1607,215),(1608,194),(1609,194),(1610,69),(1611,194),(1612,194),(1613,69),(1614,69),(1615,69),(1616,194),(1617,194),(1618,194),(1619,194),(1620,13),(1621,217),(1622,217),(1623,75),(1624,194),(1625,194),(1626,194),(1627,37),(1628,194),(1629,194),(1631,208),(1632,208),(1633,208),(1634,208),(1636,213),(1637,215),(1638,107),(1639,172),(1640,54),(1641,218),(1642,106),(1643,106),(1644,95),(1645,95),(1646,95),(1647,218),(1648,106),(1649,172),(1650,172),(1651,26),(1652,33),(1653,218),(1654,215),(1655,106),(1656,78),(1657,108),(1657,106),(1658,215),(1659,215),(1660,215),(1661,17),(1662,155),(1663,155),(1664,155),(1665,155),(1666,155),(1667,213),(1668,172),(1669,162),(1670,105),(1671,105),(1672,149),(1673,212),(1674,149),(1675,105),(1676,215),(1677,172),(1678,215),(1680,149),(1681,149),(1682,217),(1683,217),(1684,149),(1685,149),(1686,75),(1687,149),(1688,149),(1689,107),(1690,149),(1691,105),(1692,105),(1693,105),(1694,105),(1695,126),(1696,126),(1697,208),(1698,172),(1699,151),(1700,172),(1701,149),(1702,81),(1703,204),(1705,197),(1706,172),(1707,69),(1708,81),(1709,91),(1710,93),(1711,204),(1712,81),(1713,67),(1714,149),(1715,149),(1716,149),(1717,208),(1718,149),(1719,194),(1720,149),(1721,61),(1722,155),(1723,97),(1726,151),(1727,69),(1728,82),(1729,207),(1730,217),(1731,172),(1732,215),(1733,106),(1734,215),(1735,215),(1736,208),(1738,208),(1739,208),(1740,172),(1741,218),(1742,215),(1743,106),(1744,172),(1745,1),(1746,17),(1747,208),(1748,208),(1749,17),(1750,81),(1751,37),(1752,213),(1753,172),(1754,107),(1755,105),(1756,105),(1757,149),(1758,215),(1759,56),(1760,146),(1762,196),(1763,97),(1764,112),(1765,167),(1766,167),(1768,167),(1771,226),(1772,113),(1773,94),(1774,113),(1775,112),(1776,113),(1778,154),(1779,154),(1780,154),(1781,113),(1783,112),(1784,31),(1785,167),(1786,112),(1787,112),(1788,112),(1789,154),(1790,113),(1793,113),(1795,196),(1797,210),(1799,113),(1800,120),(1801,113),(1802,113),(1803,112),(1804,210),(1805,113),(1806,167),(1807,160),(1808,167),(1809,167),(1810,167),(1811,113),(1812,113),(1813,104),(1814,61),(1815,120),(1816,120),(1817,113)

------------------------------------------
CREATE TABLE games (
  id int NOT NULL,
  games_year int DEFAULT NULL,
  games_name varchar(100) DEFAULT NULL,
  season varchar(100) DEFAULT NULL,
  PRIMARY KEY (id)
) 

INSERT INTO games VALUES (1,1992,'1992 Summer','Summer'),(2,2012,'2012 Summer','Summer'),(3,1920,'1920 Summer','Summer'),(4,1900,'1900 Summer','Summer'),(5,1988,'1988 Winter','Winter'),(6,1992,'1992 Winter','Winter'),(7,1994,'1994 Winter','Winter'),(8,1932,'1932 Summer','Summer'),(9,2002,'2002 Winter','Winter'),(10,1952,'1952 Summer','Summer'),(11,1980,'1980 Winter','Winter'),(12,2000,'2000 Summer','Summer'),(13,1996,'1996 Summer','Summer'),(14,1912,'1912 Summer','Summer'),(15,1924,'1924 Summer','Summer'),(16,2014,'2014 Winter','Winter'),(17,1948,'1948 Summer','Summer'),(18,1998,'1998 Winter','Winter'),(19,2006,'2006 Winter','Winter'),(20,2008,'2008 Summer','Summer'),(21,2016,'2016 Summer','Summer'),(22,2004,'2004 Summer','Summer'),(23,1960,'1960 Winter','Winter'),(24,1964,'1964 Winter','Winter'),(25,1984,'1984 Winter','Winter'),(26,1984,'1984 Summer','Summer'),(27,1968,'1968 Summer','Summer'),(28,1972,'1972 Summer','Summer'),(29,1988,'1988 Summer','Summer'),(30,1936,'1936 Summer','Summer'),(31,1952,'1952 Winter','Winter'),(32,1956,'1956 Winter','Winter'),(33,1956,'1956 Summer','Summer'),(34,1960,'1960 Summer','Summer'),(35,1928,'1928 Summer','Summer'),(36,1976,'1976 Summer','Summer'),(37,1980,'1980 Summer','Summer'),(38,1964,'1964 Summer','Summer'),(39,2010,'2010 Winter','Winter'),(40,1968,'1968 Winter','Winter'),(41,1972,'1972 Winter','Winter'),(42,1976,'1976 Winter','Winter'),(43,1924,'1924 Winter','Winter'),(44,1904,'1904 Summer','Summer'),(45,1906,'1906 Summer','Summer'),(46,1928,'1928 Winter','Winter'),(47,1908,'1908 Summer','Summer'),(48,1948,'1948 Winter','Winter'),(49,1932,'1932 Winter','Winter'),(50,1936,'1936 Winter','Winter'),(51,1896,'1896 Summer','Summer');

-----------------------------------
CREATE TABLE games_city (
  games_id int DEFAULT NULL,
  city_id int DEFAULT NULL,

  CONSTRAINT fk_gci_city FOREIGN KEY (city_id) REFERENCES city (id),
  CONSTRAINT fk_gci_gam FOREIGN KEY (games_id) REFERENCES games (id)
)

INSERT INTO games_city VALUES (1,1),(2,2),(3,3),(4,4),(5,5),(6,6),(7,7),(8,8),(9,9),(10,10),(11,11),(12,12),(13,13),(14,14),(15,4),(16,15),(17,2),(18,16),(19,17),(20,18),(21,19),(22,20),(23,21),(24,22),(25,23),(26,8),(27,24),(28,25),(29,26),(30,27),(31,28),(32,29),(33,30),(34,31),(35,32),(36,33),(37,34),(38,35),(39,36),(40,37),(41,38),(42,22),(43,39),(44,40),(45,20),(46,41),(47,2),(48,41),(49,11),(50,42),(33,14),(51,20);

------------------------------------------------------
CREATE TABLE sport (
  id int NOT NULL,
  sport_name varchar(200) DEFAULT NULL,
  PRIMARY KEY (id)
)


INSERT INTO sport VALUES (1,'Aeronautics'),(2,'Alpine Skiing'),(3,'Alpinism'),(4,'Archery'),(5,'Art Competitions'),(6,'Athletics'),(7,'Badminton'),(8,'Baseball'),(9,'Basketball'),(10,'Basque Pelota'),(11,'Beach Volleyball'),(12,'Biathlon'),(13,'Bobsleigh'),(14,'Boxing'),(15,'Canoeing'),(16,'Cricket'),(17,'Croquet'),(18,'Cross Country Skiing'),(19,'Curling'),(20,'Cycling'),(21,'Diving'),(22,'Equestrianism'),(23,'Fencing'),(24,'Figure Skating'),(25,'Football'),(26,'Freestyle Skiing'),(27,'Golf'),(28,'Gymnastics'),(29,'Handball'),(30,'Hockey'),(31,'Ice Hockey'),(32,'Jeu De Paume'),(33,'Judo'),(34,'Lacrosse'),(35,'Luge'),(36,'Military Ski Patrol'),(37,'Modern Pentathlon'),(38,'Motorboating'),(39,'Nordic Combined'),(40,'Polo'),(41,'Racquets'),(42,'Rhythmic Gymnastics'),(43,'Roque'),(44,'Rowing'),(45,'Rugby'),(46,'Rugby Sevens'),(47,'Sailing'),(48,'Shooting'),(49,'Short Track Speed Skating'),(50,'Skeleton'),(51,'Ski Jumping'),(52,'Snowboarding'),(53,'Softball'),(54,'Speed Skating'),(55,'Swimming'),(56,'Synchronized Swimming'),(57,'Table Tennis'),(58,'Taekwondo'),(59,'Tennis'),(60,'Trampolining'),(61,'Triathlon'),(62,'Tug-Of-War'),(63,'Volleyball'),(64,'Water Polo'),(65,'Weightlifting'),(66,'Wrestling');

----------------------------------------------
CREATE TABLE event (
  id int NOT NULL ,
  sport_id int DEFAULT NULL,
  event_name varchar(200) DEFAULT NULL,
  PRIMARY KEY (id),
  CONSTRAINT fk_ev_sp FOREIGN KEY (sport_id) REFERENCES sport (id)
)

go
INSERT INTO event VALUES (1,9,'Basketball Men Basketball'),(2,33,'Judo Men Extra-Lightweight'),(3,25,'Football Men Football'),(4,62,'Tug-Of-War Men Tug-Of-War'),(5,54,'Speed Skating Women 500 metres'),(6,54,'Speed Skating Women 1,000 metres'),(7,18,'Cross Country Skiing Men 10 kilometres'),(8,18,'Cross Country Skiing Men 50 kilometres'),(9,18,'Cross Country Skiing Men 10/15 kilometres Pursuit'),(10,18,'Cross Country Skiing Men 4 x 10 kilometres Relay'),(11,18,'Cross Country Skiing Men 30 kilometres'),(12,6,'Athletics Women 100 metres'),(13,6,'Athletics Women 4 x 100 metres Relay'),(14,31,'Ice Hockey Men Ice Hockey'),(15,55,'Swimming Men 400 metres Freestyle'),(16,7,'Badminton Men Singles'),(17,47,'Sailing Women Windsurfer'),(18,12,'Biathlon Women 7.5 kilometres Sprint'),(19,55,'Swimming Men 200 metres Breaststroke'),(20,55,'Swimming Men 400 metres Breaststroke'),(21,28,'Gymnastics Men Individual All-Around'),(22,28,'Gymnastics Men Team All-Around'),(23,28,'Gymnastics Men Floor Exercise'),(24,28,'Gymnastics Men Horse Vault'),(25,28,'Gymnastics Men Parallel Bars'),(26,28,'Gymnastics Men Horizontal Bar'),(27,28,'Gymnastics Men Rings'),(28,28,'Gymnastics Men Pommelled Horse'),(29,6,'Athletics Men Shot Put'),(30,5,'Art Competitions Mixed Sculpturing, Unknown Event'),(31,2,'Alpine Skiing Men Downhill'),(32,2,'Alpine Skiing Men Super G'),(33,2,'Alpine Skiing Men Giant Slalom'),(34,2,'Alpine Skiing Men Slalom'),(35,2,'Alpine Skiing Men Combined'),(36,29,'Handball Women Handball'),(37,65,'Weightlifting Women Super-Heavyweight'),(38,66,'Wrestling Men Light-Heavyweight, Greco-Roman'),(39,54,'Speed Skating Men 500 metres'),(40,54,'Speed Skating Men 1,500 metres'),(41,28,'Gymnastics Men Team All-Around, Free System'),(42,35,'Luge Women Singles'),(43,64,'Water Polo Men Water Polo'),(44,47,'Sailing Mixed Three Person Keelboat'),(45,30,'Hockey Women Hockey'),(46,44,'Rowing Men Lightweight Double Sculls'),(47,6,'Athletics Men Pole Vault'),(48,6,'Athletics Men High Jump'),(49,47,'Sailing Men Two Person Dinghy'),(50,6,'Athletics Men 1,500 metres'),(51,13,'Bobsleigh Men Four'),(52,55,'Swimming Men 100 metres Butterfly'),(53,55,'Swimming Men 200 metres Butterfly'),(54,55,'Swimming Men 4 x 100 metres Medley Relay'),(55,25,'Football Women Football'),(56,23,'Fencing Men Foil, Individual'),(57,23,'Fencing Men epee, Individual'),(58,23,'Fencing Men epee, Team'),(59,54,'Speed Skating Men 5,000 metres'),(60,54,'Speed Skating Men 10,000 metres'),(61,47,'Sailing Mixed 8 metres'),(62,22,'Equestrianism Mixed Jumping, Individual'),(63,18,'Cross Country Skiing Men 15 kilometres'),(64,48,'Shooting Men Small-Bore Rifle, Prone, 50 metres'),(65,48,'Shooting Men Rapid-Fire Pistol, 25 metres'),(66,48,'Shooting Men Trap'),(67,6,'Athletics Men 4 x 100 metres Relay'),(68,6,'Athletics Men Long Jump'),(69,14,'Boxing Men Light-Welterweight'),(70,6,'Athletics Women Javelin Throw'),(71,66,'Wrestling Men Heavyweight, Freestyle'),(72,58,'Taekwondo Men Flyweight'),(73,6,'Athletics Men 5,000 metres'),(74,20,'Cycling Men Road Race, Individual'),(75,20,'Cycling Men Road Race, Team'),(76,65,'Weightlifting Men Lightweight'),(77,65,'Weightlifting Men Middleweight'),(78,44,'Rowing Men Coxless Pairs'),(79,33,'Judo Men Half-Middleweight'),(80,58,'Taekwondo Women Flyweight'),(81,9,'Basketball Women Basketball'),(82,21,'Diving Men Platform'),(83,15,'Canoeing Men Canadian Doubles, 500 metres'),(84,15,'Canoeing Men Canadian Doubles, 1,000 metres'),(85,15,'Canoeing Men Kayak Fours, 1,000 metres'),(86,29,'Handball Men Handball'),(87,44,'Rowing Women Coxless Pairs'),(88,14,'Boxing Men Middleweight'),(89,33,'Judo Men Lightweight'),(90,14,'Boxing Men Featherweight'),(91,59,'Tennis Men Doubles'),(92,48,'Shooting Mixed Skeet'),(93,66,'Wrestling Men Featherweight, Freestyle'),(94,47,'Sailing Mixed Two Person Heavyweight Dinghy'),(95,6,'Athletics Women Shot Put'),(96,44,'Rowing Men Coxed Eights'),(97,20,'Cycling Women Sprint'),(98,20,'Cycling Women 500 metres Time Trial'),(99,6,'Athletics Men 110 metres Hurdles'),(100,48,'Shooting Mixed Trap'),(101,6,'Athletics Women Marathon'),(102,6,'Athletics Men 100 metres'),(103,23,'Fencing Men Foil, Team'),(104,23,'Fencing Men Sabre, Team'),(105,55,'Swimming Men 100 metres Freestyle'),(106,55,'Swimming Men 4 x 200 metres Freestyle Relay'),(107,14,'Boxing Men Lightweight'),(108,37,'Modern Pentathlon Men Individual'),(109,14,'Boxing Men Welterweight'),(110,44,'Rowing Men Quadruple Sculls'),(111,44,'Rowing Men Double Sculls'),(112,44,'Rowing Men Coxed Pairs'),(113,6,'Athletics Men 400 metres Hurdles'),(114,6,'Athletics Men 400 metres'),(115,6,'Athletics Men Hammer Throw'),(116,65,'Weightlifting Men Featherweight'),(117,6,'Athletics Men 800 metres'),(118,30,'Hockey Men Hockey'),(119,2,'Alpine Skiing Women Slalom'),(120,44,'Rowing Women Single Sculls'),(121,55,'Swimming Men 50 metres Freestyle'),(122,65,'Weightlifting Women Featherweight'),(123,64,'Water Polo Women Water Polo'),(124,24,'Figure Skating Men Singles'),(125,65,'Weightlifting Men Heavyweight'),(126,22,'Equestrianism Mixed Three-Day Event, Individual'),(127,22,'Equestrianism Mixed Three-Day Event, Team'),(128,24,'Figure Skating Mixed Team'),(129,47,'Sailing Women Three Person Keelboat'),(130,20,'Cycling Women Road Race, Individual'),(131,27,'Golf Women Individual'),(132,53,'Softball Women Softball'),(133,4,'Archery Women Individual'),(134,66,'Wrestling Men Heavyweight, Greco-Roman'),(135,63,'Volleyball Men Volleyball'),(136,58,'Taekwondo Women Heavyweight'),(137,56,'Synchronized Swimming Women Duet'),(138,56,'Synchronized Swimming Women Team'),(139,58,'Taekwondo Women Featherweight'),(140,6,'Athletics Men Marathon'),(141,6,'Athletics Men 4 x 400 metres Relay'),(142,6,'Athletics Women 3,000 metres'),(143,21,'Diving Women Platform'),(144,48,'Shooting Men Air Rifle, 10 metres'),(145,65,'Weightlifting Men Flyweight'),(146,55,'Swimming Men 100 metres Backstroke'),(147,65,'Weightlifting Men Light-Heavyweight'),(148,66,'Wrestling Men Lightweight, Greco-Roman'),(149,23,'Fencing Men Sabre, Individual'),(150,66,'Wrestling Men Super-Heavyweight, Greco-Roman'),(151,48,'Shooting Men Free Pistol, 50 metres'),(152,48,'Shooting Men Air Pistol, 10 metres'),(153,44,'Rowing Men Coxless Fours'),(154,14,'Boxing Men Light-Flyweight'),(155,14,'Boxing Men Super-Heavyweight'),(156,48,'Shooting Women Air Rifle, 10 metres'),(157,65,'Weightlifting Men Middle-Heavyweight'),(158,6,'Athletics Men Javelin Throw'),(159,63,'Volleyball Women Volleyball'),(160,66,'Wrestling Men Welterweight, Greco-Roman'),(161,66,'Wrestling Men Middleweight, Greco-Roman'),(162,6,'Athletics Men 10,000 metres'),(163,6,'Athletics Men 3,000 metres Steeplechase'),(164,66,'Wrestling Men Middleweight, Freestyle'),(165,55,'Swimming Women 100 metres Backstroke'),(166,55,'Swimming Women 200 metres Backstroke'),(167,55,'Swimming Women 4 x 100 metres Medley Relay'),(168,66,'Wrestling Men Light-Heavyweight, Freestyle'),(169,37,'Modern Pentathlon Men Team'),(170,6,'Athletics Men 200 metres'),(171,14,'Boxing Men Bantamweight'),(172,6,'Athletics Women 200 metres'),(173,57,'Table Tennis Women Singles'),(174,57,'Table Tennis Women Doubles'),(175,48,'Shooting Men Skeet'),(176,55,'Swimming Women 50 metres Freestyle'),(177,48,'Shooting Men Small-Bore Rifle, Three Positions, 50 metres'),(178,65,'Weightlifting Women Lightweight'),(179,6,'Athletics Women Long Jump'),(180,23,'Fencing Women epee, Individual'),(181,55,'Swimming Men 200 metres Freestyle'),(182,55,'Swimming Men 4 x 100 metres Freestyle Relay'),(183,55,'Swimming Men 200 metres Individual Medley'),(184,55,'Swimming Men 400 metres Individual Medley'),(185,7,'Badminton Women Singles'),(186,59,'Tennis Men Singles'),(187,14,'Boxing Men Heavyweight'),(188,66,'Wrestling Men Bantamweight, Freestyle'),(189,66,'Wrestling Men Flyweight, Freestyle'),(190,6,'Athletics Women 5,000 metres'),(191,65,'Weightlifting Women Light-Heavyweight'),(192,65,'Weightlifting Women Heavyweight'),(193,6,'Athletics Men Discus Throw'),(194,58,'Taekwondo Men Featherweight'),(195,58,'Taekwondo Men Welterweight'),(196,33,'Judo Men Heavyweight'),(197,13,'Bobsleigh Men Two'),(198,66,'Wrestling Men Lightweight, Freestyle'),(199,39,'Nordic Combined Men Team'),(200,39,'Nordic Combined Men Individual'),(201,8,'Baseball Men Baseball'),(202,44,'Rowing Men Coxed Fours'),(203,20,'Cycling Men 100 kilometres Team Time Trial'),(204,14,'Boxing Men Flyweight'),(205,42,'Rhythmic Gymnastics Women Group'),(206,5,'Art Competitions Mixed Architecture, Designs For Town Planning'),(207,5,'Art Competitions Mixed Architecture, Architectural Designs'),(208,28,'Gymnastics Women Individual All-Around'),(209,28,'Gymnastics Women Team All-Around'),(210,28,'Gymnastics Women Floor Exercise'),(211,28,'Gymnastics Women Horse Vault'),(212,28,'Gymnastics Women Uneven Bars'),(213,28,'Gymnastics Women Balance Beam'),(214,21,'Diving Women Springboard'),(215,21,'Diving Women Synchronized Springboard'),(216,6,'Athletics Women 10,000 metres'),(217,47,'Sailing Mixed 7 metres'),(218,33,'Judo Women Half-Middleweight'),(219,6,'Athletics Men Decathlon'),(220,12,'Biathlon Men 10 kilometres Sprint'),(221,12,'Biathlon Men 20 kilometres'),(222,12,'Biathlon Men 4 x 7.5 kilometres Relay'),(223,26,'Freestyle Skiing Men Moguls'),(224,6,'Athletics Men Triple Jump'),(225,66,'Wrestling Men Middleweight A, Greco-Roman'),(226,6,'Athletics Women Discus Throw'),(227,55,'Swimming Women 4 x 100 metres Freestyle Relay'),(228,6,'Athletics Women 1,500 metres'),(229,48,'Shooting Women Air Pistol, 10 metres'),(230,48,'Shooting Women Sporting Pistol, 25 metres'),(231,15,'Canoeing Men Kayak Doubles, 500 metres'),(232,15,'Canoeing Men Kayak Singles, 500 metres'),(233,15,'Canoeing Men Kayak Singles, 1,000 metres'),(234,48,'Shooting Men Running Target, 50 metres'),(235,33,'Judo Women Half-Heavyweight'),(236,6,'Athletics Women Pole Vault'),(237,46,'Rugby Sevens Women Rugby Sevens'),(238,57,'Table Tennis Men Team'),(239,24,'Figure Skating Mixed Pairs'),(240,26,'Freestyle Skiing Men Aerials'),(241,44,'Rowing Women Coxed Eights'),(242,6,'Athletics Women 4 x 400 metres Relay'),(243,2,'Alpine Skiing Women Giant Slalom'),(244,2,'Alpine Skiing Women Super G'),(245,18,'Cross Country Skiing Women 5 kilometres'),(246,18,'Cross Country Skiing Women 10 kilometres'),(247,18,'Cross Country Skiing Women 20 kilometres'),(248,20,'Cycling Men Sprint'),(249,20,'Cycling Men 1,000 metres Time Trial'),(250,20,'Cycling Men Individual Pursuit, 4,000 metres'),(251,66,'Wrestling Men Welterweight, Freestyle'),(252,66,'Wrestling Men Bantamweight, Greco-Roman'),(253,44,'Rowing Women Lightweight Double Sculls'),(254,6,'Athletics Women 800 metres'),(255,44,'Rowing Women Coxed Quadruple Sculls'),(256,12,'Biathlon Men 12.5 kilometres Pursuit'),(257,12,'Biathlon Mixed 2 x 6 kilometres and 2 x 7.5 kilometres Relay'),(258,42,'Rhythmic Gymnastics Women Individual'),(259,15,'Canoeing Men Kayak Singles, Slalom'),(260,4,'Archery Men Individual'),(261,4,'Archery Men Team'),(262,54,'Speed Skating Women 1,500 metres'),(263,54,'Speed Skating Women Team Pursuit (6 laps)'),(264,18,'Cross Country Skiing Men Sprint'),(265,6,'Athletics Women 400 metres'),(266,24,'Figure Skating Women Singles'),(267,54,'Speed Skating Men 1,000 metres'),(268,60,'Trampolining Men Individual'),(269,11,'Beach Volleyball Men Beach Volleyball'),(270,20,'Cycling Women Mountainbike, Cross-Country'),(271,6,'Athletics Men Javelin Throw, Both Hands'),(272,61,'Triathlon Women Olympic Distance'),(273,28,'Gymnastics Women Team Portable Apparatus'),(274,20,'Cycling Men Mountainbike, Cross-Country'),(275,6,'Athletics Women 400 metres Hurdles'),(276,21,'Diving Men Springboard'),(277,66,'Wrestling Men Flyweight, Greco-Roman'),(278,66,'Wrestling Men Featherweight, Greco-Roman'),(279,57,'Table Tennis Men Singles'),(280,5,'Art Competitions Mixed Painting'),(281,18,'Cross Country Skiing Women 3 x 5 kilometres Relay'),(282,33,'Judo Men Open Class'),(283,44,'Rowing Women Quadruple Sculls'),(284,28,'Gymnastics Men Team All-Around, Swedish System'),(285,39,'Nordic Combined Men Sprint'),(286,6,'Athletics Women Pentathlon'),(287,5,'Art Competitions Mixed Painting, Unknown Event'),(288,20,'Cycling Men Team Pursuit, 4,000 metres'),(289,55,'Swimming Men 200 metres Backstroke'),(290,65,'Weightlifting Women Middleweight'),(291,55,'Swimming Men 1,500 metres Freestyle'),(292,66,'Wrestling Women Light-Heavyweight, Freestyle'),(293,55,'Swimming Women 100 metres Freestyle'),(294,22,'Equestrianism Men Jumping, Individual'),(295,22,'Equestrianism Men Jumping, Team'),(296,22,'Equestrianism Men Three-Day Event, Individual'),(297,22,'Equestrianism Men Three-Day Event, Team'),(298,2,'Alpine Skiing Women Combined'),(299,6,'Athletics Women High Jump'),(300,51,'Ski Jumping Men Normal Hill, Individual'),(301,15,'Canoeing Women Kayak Fours, 500 metres'),(302,31,'Ice Hockey Women Ice Hockey'),(303,47,'Sailing Men One Person Dinghy'),(304,60,'Trampolining Women Individual'),(305,19,'Curling Men Curling'),(306,5,'Art Competitions Mixed Literature'),(307,33,'Judo Men Middleweight'),(308,12,'Biathlon Women 15 kilometres'),(309,12,'Biathlon Women 3 x 7.5 kilometres Relay'),(310,12,'Biathlon Women 4 x 7.5 kilometres Relay'),(311,33,'Judo Men Half-Lightweight'),(312,23,'Fencing Women Foil, Team'),(313,55,'Swimming Women 200 metres Butterfly'),(314,55,'Swimming Women 400 metres Individual Medley'),(315,27,'Golf Men Individual'),(316,6,'Athletics Men Standing High Jump'),(317,6,'Athletics Men Standing Long Jump'),(318,6,'Athletics Men 20 kilometres Walk'),(319,55,'Swimming Men 220 yard Freestyle'),(320,55,'Swimming Men 880 yard Freestyle'),(321,55,'Swimming Men One Mile Freestyle'),(322,55,'Swimming Men 4 x 50 Yard Freestyle Relay'),(323,55,'Swimming Men Plunge For Distance'),(324,48,'Shooting Men Free Rifle, Three Positions, 300 metres'),(325,48,'Shooting Men Military Rifle, Three Positions, 300 metres'),(326,48,'Shooting Men Military Rifle, Any Position, 600 metres'),(327,48,'Shooting Men Military Rifle, 200, 400, 500 and 600 metres, Team'),(328,48,'Shooting Men Military Rifle, Prone, 300 metres'),(329,33,'Judo Men Half-Heavyweight'),(330,4,'Archery Women Team'),(331,6,'Athletics Men 50 kilometres Walk'),(332,44,'Rowing Women Double Sculls'),(333,47,'Sailing Mixed 6 metres'),(334,14,'Boxing Men Light-Heavyweight'),(335,14,'Boxing Women Flyweight'),(336,6,'Athletics Women 100 metres Hurdles'),(337,6,'Athletics Men Discus Throw, Greek Style'),(338,19,'Curling Women Curling'),(339,47,'Sailing Mixed One Person Dinghy'),(340,66,'Wrestling Women Heavyweight, Freestyle'),(341,7,'Badminton Mixed Doubles'),(342,23,'Fencing Women Foil, Individual'),(343,47,'Sailing Mixed Two Person Keelboat'),(344,57,'Table Tennis Men Doubles'),(345,66,'Wrestling Men Light-Flyweight, Freestyle'),(346,66,'Wrestling Women Featherweight, Freestyle'),(347,55,'Swimming Women 200 metres Freestyle'),(348,55,'Swimming Women 400 metres Freestyle'),(349,55,'Swimming Women 200 metres Individual Medley'),(350,47,'Sailing Men Windsurfer'),(351,26,'Freestyle Skiing Men Slopestyle'),(352,48,'Shooting Men Running Target, Single Shot'),(353,48,'Shooting Men Running Target, Double Shot'),(354,46,'Rugby Sevens Men Rugby Sevens'),(355,66,'Wrestling Women Lightweight, Freestyle'),(356,14,'Boxing Men Light-Middleweight'),(357,37,'Modern Pentathlon Women Individual'),(358,15,'Canoeing Men Canadian Doubles, Slalom'),(359,33,'Judo Women Half-Lightweight'),(360,21,'Diving Women Plain High'),(361,22,'Equestrianism Men Dressage, Individual'),(362,22,'Equestrianism Men Dressage, Team'),(363,59,'Tennis Women Singles, Covered Courts'),(364,21,'Diving Men Plain High'),(365,48,'Shooting Mixed Small-Bore Rifle, Three Positions, 50 metres'),(366,48,'Shooting Mixed Small-Bore Rifle, Prone, 50 metres'),(367,55,'Swimming Women 800 metres Freestyle'),(368,47,'Sailing Women Two Person Dinghy'),(369,2,'Alpine Skiing Women Downhill'),(370,48,'Shooting Men Free Pistol, 50 metres, Team'),(371,48,'Shooting Men Free Rifle, Three Positions, 300 metres, Team'),(372,48,'Shooting Men Military Rifle, Prone, 300 metres, Team'),(373,48,'Shooting Men Military Rifle, Prone, 600 metres, Team'),(374,48,'Shooting Men Military Rifle, Standing, 300 metres, Team'),(375,48,'Shooting Men Military Rifle, 300 metres and 600 metres, Prone, Team'),(376,48,'Shooting Men Free Rifle, Prone, 600 metres'),(377,48,'Shooting Men Free Rifle, 400, 600 and 800 metres, Team'),(378,44,'Rowing Men Single Sculls'),(379,26,'Freestyle Skiing Women Halfpipe'),(380,6,'Athletics Women Heptathlon'),(381,20,'Cycling Men Points Race'),(382,56,'Synchronized Swimming Women Solo'),(383,22,'Equestrianism Mixed Dressage, Individual'),(384,22,'Equestrianism Mixed Dressage, Team'),(385,18,'Cross Country Skiing Men 18 kilometres'),(386,55,'Swimming Men 100 metres Breaststroke'),(387,24,'Figure Skating Mixed Ice Dancing'),(388,48,'Shooting Mixed Free Pistol, 50 metres'),(389,47,'Sailing Women Skiff'),(390,15,'Canoeing Men Kayak Doubles, 10,000 metres'),(391,61,'Triathlon Men Olympic Distance'),(392,47,'Sailing Women One Person Dinghy'),(393,18,'Cross Country Skiing Women 30 kilometres'),(394,18,'Cross Country Skiing Women 15 km Skiathlon'),(395,11,'Beach Volleyball Women Beach Volleyball'),(396,65,'Weightlifting Men Super-Heavyweight'),(397,44,'Rowing Men Lightweight Coxless Fours'),(398,66,'Wrestling Men Light-Flyweight, Greco-Roman'),(399,15,'Canoeing Men Canadian Singles, 1,000 metres'),(400,47,'Sailing Mixed 5.5 metres'),(401,22,'Equestrianism Mixed Jumping, Team'),(402,21,'Diving Men Synchronized Platform'),(403,52,'Snowboarding Men Halfpipe'),(404,15,'Canoeing Women Kayak Singles, Slalom'),(405,65,'Weightlifting Women Flyweight'),(406,55,'Swimming Women 100 metres Breaststroke'),(407,55,'Swimming Women 200 metres Breaststroke'),(408,66,'Wrestling Men Middleweight B, Greco-Roman'),(409,6,'Athletics Men Stone Throw'),(410,6,'Athletics Men Javelin Throw, Freestyle'),(411,6,'Athletics Men Pentathlon (Ancient)'),(412,48,'Shooting Women Small-Bore Rifle, Three Positions, 50 metres'),(413,55,'Swimming Women 100 metres Butterfly'),(414,65,'Weightlifting Men Heavyweight I'),(415,6,'Athletics Women 3,000 metres Steeplechase'),(416,6,'Athletics Men Shot Put, Both Hands'),(417,51,'Ski Jumping Men Large Hill, Individual'),(418,51,'Ski Jumping Men Large Hill, Team'),(419,48,'Shooting Women Trap'),(420,7,'Badminton Men Doubles'),(421,55,'Swimming Women 4 x 200 metres Freestyle Relay'),(422,6,'Athletics Men 10 kilometres Walk'),(423,6,'Athletics Women 20 kilometres Walk'),(424,6,'Athletics Women 80 metres Hurdles'),(425,47,'Sailing Men One Person Heavyweight Dinghy'),(426,26,'Freestyle Skiing Women Aerials'),(427,5,'Art Competitions Mixed Painting, Paintings'),(428,59,'Tennis Mixed Doubles, Covered Courts'),(429,20,'Cycling Men Madison'),(430,5,'Art Competitions Mixed Sculpturing, Statues'),(431,45,'Rugby Men Rugby'),(432,65,'Weightlifting Men Heavyweight II'),(433,15,'Canoeing Women Kayak Doubles, 500 metres'),(434,49,'Short Track Speed Skating Men 5,000 metres Relay'),(435,20,'Cycling Men Individual Time Trial'),(436,33,'Judo Women Heavyweight'),(437,15,'Canoeing Men Kayak Doubles, 1,000 metres'),(438,66,'Wrestling Men Super-Heavyweight, Freestyle'),(439,12,'Biathlon Women 10 kilometres Pursuit'),(440,12,'Biathlon Women 12.5 kilometres Mass Start'),(441,12,'Biathlon Women 4 x 6 kilometres Relay'),(442,23,'Fencing Women Sabre, Team'),(443,48,'Shooting Men Double Trap'),(444,65,'Weightlifting Men Bantamweight'),(445,58,'Taekwondo Men Heavyweight'),(446,47,'Sailing Mixed Windsurfer'),(447,58,'Taekwondo Women Welterweight'),(448,48,'Shooting Mixed Free Rifle, Three Positions, 300 metres'),(449,50,'Skeleton Men Skeleton'),(450,20,'Cycling Men 50 kilometres'),(451,48,'Shooting Mixed Rapid-Fire Pistol, 25 metres'),(452,15,'Canoeing Men Kayak Singles, 10,000 metres'),(453,15,'Canoeing Men Canadian Singles, Slalom'),(454,35,'Luge Men Singles'),(455,35,'Luge Mixed (Men) Doubles'),(456,47,'Sailing Mixed Multihull'),(457,7,'Badminton Women Doubles'),(458,54,'Speed Skating Women 3,000 metres'),(459,18,'Cross Country Skiing Women 5/10 kilometres Pursuit'),(460,18,'Cross Country Skiing Women 4 x 5 kilometres Relay'),(461,18,'Cross Country Skiing Women 15 kilometres'),(462,18,'Cross Country Skiing Women 5/5 kilometres Pursuit'),(463,21,'Diving Women Synchronized Platform'),(464,6,'Athletics Women Triple Jump'),(465,50,'Skeleton Women Skeleton'),(466,13,'Bobsleigh Men Four/Five'),(467,5,'Art Competitions Mixed Painting, Drawings And Water Colors'),(468,48,'Shooting Men Dueling Pistol, 30 metres'),(469,14,'Boxing Women Lightweight'),(470,20,'Cycling Women BMX'),(471,15,'Canoeing Men Kayak Doubles, 200 metres'),(472,23,'Fencing Men Sabre, Masters, Individual'),(473,34,'Lacrosse Men Lacrosse'),(474,15,'Canoeing Women Kayak Singles, 500 metres'),(475,6,'Athletics Women 10 kilometres Walk'),(476,47,'Sailing Mixed 12 metres'),(477,33,'Judo Women Extra-Lightweight'),(478,21,'Diving Men Synchronized Springboard'),(479,44,'Rowing Men Coxed Fours, Outriggers'),(480,47,'Sailing Mixed Two Person Dinghy'),(481,5,'Art Competitions Mixed Architecture, Unknown Event'),(482,4,'Archery Men Target Archery, 28 metres, Team'),(483,4,'Archery Men Target Archery, 33 metres, Team'),(484,4,'Archery Men Target Archery, 50 metres, Team'),(485,49,'Short Track Speed Skating Women 3,000 metres Relay'),(486,26,'Freestyle Skiing Women Moguls'),(487,49,'Short Track Speed Skating Men 500 metres'),(488,48,'Shooting Men Running Target, 10 metres'),(489,40,'Polo Men Polo'),(490,44,'Rowing Men Coxed Fours, Inriggers'),(491,20,'Cycling Men BMX'),(492,5,'Art Competitions Mixed Sculpturing'),(493,6,'Athletics Men Cross-Country, Individual'),(494,6,'Athletics Men Cross-Country, Team'),(495,47,'Sailing Mixed 40 metres'),(496,18,'Cross Country Skiing Men 10/10 kilometres Pursuit'),(497,51,'Ski Jumping Women Normal Hill, Individual'),(498,49,'Short Track Speed Skating Men 1,000 metres'),(499,49,'Short Track Speed Skating Men 1,500 metres'),(500,59,'Tennis Women Singles'),(501,59,'Tennis Mixed Doubles'),(502,59,'Tennis Women Doubles'),(503,33,'Judo Women Middleweight'),(504,33,'Judo Women Lightweight'),(505,18,'Cross Country Skiing Men Team Sprint'),(506,52,'Snowboarding Women Halfpipe'),(507,15,'Canoeing Women Kayak Singles, 200 metres'),(508,15,'Canoeing Men Kayak Relay 4 x 500 metres'),(509,6,'Athletics Men 3,000 metres, Team'),(510,18,'Cross Country Skiing Women Sprint'),(511,48,'Shooting Men Small-Bore Rifle, Prone, 50 and 100 yards'),(512,48,'Shooting Men Small-Bore Rifle, 50 and 100 yards, Team'),(513,48,'Shooting Men Small-Bore Rifle, Disappearing Target, 25 yards'),(514,48,'Shooting Men Small-Bore Rifle, Moving Target, 25 yards'),(515,48,'Shooting Men Military Pistol, Team'),(516,44,'Rowing Women Coxed Fours'),(517,15,'Canoeing Men Canadian Singles, 500 metres'),(518,23,'Fencing Men Foil, Masters, Individual'),(519,23,'Fencing Men epee, Masters, Individual'),(520,28,'Gymnastics Men Individual All-Around, Field Sports'),(521,28,'Gymnastics Men Individual All-Around, Apparatus Work'),(522,23,'Fencing Women epee, Team'),(523,55,'Swimming Men 4,000 metres Freestyle'),(524,55,'Swimming Men Underwater Swimming'),(525,28,'Gymnastics Men Individual All-Around, 5 Events'),(526,47,'Sailing Mixed Skiff'),(527,20,'Cycling Men Tandem Sprint, 2,000 metres'),(528,48,'Shooting Men Military Rifle, 200/500/600/800/900/1,000 Yards, Team'),(529,48,'Shooting Men Small-Bore Rifle, Any Position, 50 metres'),(530,48,'Shooting Men Small-Bore Rifle, Disappearing Target, 25 metres'),(531,55,'Swimming Women 10 kilometres Open Water'),(532,52,'Snowboarding Women Slopestyle'),(533,52,'Snowboarding Men Giant Slalom'),(534,52,'Snowboarding Men Parallel Giant Slalom'),(535,52,'Snowboarding Men Boardercross'),(536,52,'Snowboarding Men Parallel Slalom'),(537,16,'Cricket Men Cricket'),(538,15,'Canoeing Men Canadian Singles, 10,000 metres'),(539,18,'Cross Country Skiing Women Team Sprint'),(540,14,'Boxing Women Middleweight'),(541,47,'Sailing Men Skiff'),(542,6,'Athletics Men Pentathlon'),(543,48,'Shooting Women Skeet'),(544,12,'Biathlon Men 15 kilometres Mass Start'),(545,18,'Cross Country Skiing Men 30 km Skiathlon'),(546,20,'Cycling Men 1/4 mile'),(547,20,'Cycling Men 1/2 mile'),(548,20,'Cycling Men 5 mile'),(549,20,'Cycling Men 25 mile'),(550,20,'Cycling Men Team Pursuit, 1,980 yards'),(551,20,'Cycling Men 5,000 metres'),(552,20,'Cycling Men 20 kilometres'),(553,20,'Cycling Men 100 kilometres'),(554,54,'Speed Skating Men Team Pursuit (8 laps)'),(555,20,'Cycling Women Team Pursuit'),(556,54,'Speed Skating Women 5,000 metres'),(557,52,'Snowboarding Women Boardercross'),(558,48,'Shooting Mixed Running Target, 50 metres'),(559,35,'Luge Mixed Team Relay'),(560,20,'Cycling Women Individual Time Trial'),(561,23,'Fencing Women Sabre, Individual'),(562,4,'Archery Women Double National Round'),(563,20,'Cycling Men Omnium'),(564,47,'Sailing Mixed 10 metres'),(565,48,'Shooting Men Trap, Team'),(566,20,'Cycling Women Individual Pursuit, 3,000 metres'),(567,20,'Cycling Women Points Race'),(568,47,'Sailing Men Two Person Keelboat'),(569,20,'Cycling Men Keirin'),(570,20,'Cycling Men Team Sprint'),(571,48,'Shooting Men Running Target, Single Shot, Team'),(572,13,'Bobsleigh Women Two'),(573,41,'Racquets Men Singles'),(574,41,'Racquets Men Doubles'),(575,5,'Art Competitions Mixed Literature, Lyric Works'),(576,36,'Military Ski Patrol Men Military Ski Patrol'),(577,5,'Art Competitions Mixed Painting, Graphic Arts'),(578,66,'Wrestling Women Flyweight, Freestyle'),(579,47,'Sailing Mixed Open'),(580,47,'Sailing Mixed 0.5-1 Ton'),(581,5,'Art Competitions Mixed Painting, Applied Arts'),(582,17,'Croquet Mixed Singles, One Ball'),(583,17,'Croquet Mixed Doubles'),(584,48,'Shooting Men Running Target, Single And Double Shot'),(585,48,'Shooting Men Running Target, Double Shot, Team'),(586,48,'Shooting Men Free Pistol, 50 yards'),(587,48,'Shooting Men Free Pistol, 50 yards, Team'),(588,23,'Fencing Men epee, Masters and Amateurs, Individual'),(589,55,'Swimming Men 10 kilometres Open Water'),(590,5,'Art Competitions Mixed Music, Compositions For Orchestra'),(591,4,'Archery Men Double York Round'),(592,4,'Archery Men Continental Style'),(593,66,'Wrestling Women Middleweight, Freestyle'),(594,55,'Swimming Men 4 x 250 metres Freestyle Relay'),(595,26,'Freestyle Skiing Women Slopestyle'),(596,57,'Table Tennis Women Team'),(597,6,'Athletics Women Hammer Throw'),(598,15,'Canoeing Men Kayak Singles, 200 metres'),(599,49,'Short Track Speed Skating Women 500 metres'),(600,48,'Shooting Women Double Trap'),(601,5,'Art Competitions Mixed Literature, Unknown Event'),(602,49,'Short Track Speed Skating Women 1,000 metres'),(603,44,'Rowing Women Coxless Fours'),(604,48,'Shooting Men Free Rifle, 1,000 Yards'),(605,26,'Freestyle Skiing Women Ski Cross'),(606,26,'Freestyle Skiing Men Ski Cross'),(607,59,'Tennis Men Doubles, Covered Courts'),(608,59,'Tennis Men Singles, Covered Courts'),(609,28,'Gymnastics Men Rope Climbing'),(610,20,'Cycling Men 25 kilometres'),(611,47,'Sailing Mixed 1-2 Ton'),(612,39,'Nordic Combined Men Normal Hill / 10 km, Individual'),(613,39,'Nordic Combined Men Large Hill / 10 km, Individual'),(614,49,'Short Track Speed Skating Women 1,500 metres'),(615,6,'Athletics Men Standing Triple Jump'),(616,44,'Rowing Men Coxed Pairs (1 kilometres)'),(617,48,'Shooting Men Military Pistol, 30 metres'),(618,20,'Cycling Women Keirin'),(619,55,'Swimming Women 300 metres Freestyle'),(620,52,'Snowboarding Women Giant Slalom'),(621,6,'Athletics Men 5 mile'),(622,15,'Canoeing Men Canadian Singles, 200 metres'),(623,47,'Sailing Mixed 30 metres'),(624,6,'Athletics Men 4,000 metres Steeplechase'),(625,6,'Athletics Men 5,000 metres, Team'),(626,48,'Shooting Men Small-Bore Rifle, Standing, 50 metres'),(627,48,'Shooting Men Small Bore-Rifle, Standing, 50 metres, Team'),(628,52,'Snowboarding Men Slopestyle'),(629,44,'Rowing Men Coxed Pairs (1 mile)'),(630,5,'Art Competitions Mixed Unknown Event'),(631,20,'Cycling Women Omnium'),(632,26,'Freestyle Skiing Men Halfpipe'),(633,47,'Sailing Mixed 12 foot'),(634,5,'Art Competitions Mixed Music'),(635,5,'Art Competitions Mixed Music, Instrumental And Chamber'),(636,5,'Art Competitions Mixed Music, Vocals'),(637,5,'Art Competitions Mixed Literature, Dramatic Works'),(638,32,'Jeu De Paume Men Singles'),(639,47,'Sailing Mixed 10-20 Ton'),(640,20,'Cycling Men 1/3 mile'),(641,20,'Cycling Men 1 mile'),(642,20,'Cycling Men 2 mile'),(643,5,'Art Competitions Mixed Sculpturing, Medals And Plaques'),(644,6,'Athletics Men 1,600 metres Medley Relay'),(645,15,'Canoeing Men Folding Kayak Doubles, 10 kilometres'),(646,6,'Athletics Men 60 metres'),(647,52,'Snowboarding Women Parallel Giant Slalom'),(648,47,'Sailing Mixed 2-3 Ton'),(649,54,'Speed Skating Men Allround'),(650,48,'Shooting Men Military Rifle, Prone, 600 metres'),(651,15,'Canoeing Men Canadian Doubles, 10,000 metres'),(652,52,'Snowboarding Women Parallel Slalom'),(653,48,'Shooting Men Dueling Pistol, 30 metres, Team'),(654,28,'Gymnastics Men Parallel Bars, Teams'),(655,28,'Gymnastics Men Horizontal Bar, Teams'),(656,48,'Shooting Men Free Rifle, Kneeling, 300 metres')
go
INSERT INTO event VALUES (657,48,'Shooting Men Free Rifle, Prone, 300 metres'),(658,48,'Shooting Men Free Rifle, Standing, 300 metres'),(659,48,'Shooting Men Small-Bore Rifle, Disappearing Target, 25 metres, Team'),(660,5,'Art Competitions Mixed Sculpturing, Medals And Reliefs'),(661,6,'Athletics Men 1,500 metres Walk'),(662,6,'Athletics Men 3,200 metres Steeplechase'),(663,6,'Athletics Men 3 mile, Team'),(664,5,'Art Competitions Mixed Sculpturing, Medals'),(665,22,'Equestrianism Men Vaulting, Individual'),(666,22,'Equestrianism Men Vaulting, Team'),(667,20,'Cycling Men 333 metres Time Trial'),(668,48,'Shooting Men Free Rifle, Any Position, 300 metres'),(669,48,'Shooting Men Military Rifle, 1873-1874 Gras Model, Kneeling Or Standing, 200 metres'),(670,48,'Shooting Men Military Rifle, Kneeling Or Standing, 300 metres'),(671,55,'Swimming Men 100 Yard Backstroke'),(672,55,'Swimming Men 440 Yard Breaststroke'),(673,5,'Art Competitions Mixed Literature, Epic Works'),(674,5,'Art Competitions Mixed Architecture'),(675,43,'Roque Men Singles'),(676,3,'Alpinism Mixed Alpinism'),(677,4,'Archery Men Double American Round'),(678,4,'Archery Men Team Round'),(679,4,'Archery Men Target Archery, 33 metres, Individual'),(680,4,'Archery Men Target Archery, 50 metres, Individual'),(681,55,'Swimming Men 1,000 metres Freestyle'),(682,6,'Athletics Men Discus Throw, Both Hands'),(683,55,'Swimming Men 200 metres Team Swimming'),(684,27,'Golf Men Team'),(685,47,'Sailing Mixed 20+ Ton'),(686,20,'Cycling Women Team Sprint'),(687,28,'Gymnastics Men Side Horse'),(688,65,'Weightlifting Men Unlimited, One Hand'),(689,65,'Weightlifting Men Unlimited, Two Hands'),(690,48,'Shooting Men Free Pistol, 25 metres'),(691,48,'Shooting Men Military Revolver, 1873-1874 Gras Model, 20 metres'),(692,48,'Shooting Men Military Revolver, 20 metres'),(693,48,'Shooting Men Dueling Pistol Au Vise 20 metres'),(694,48,'Shooting Men Dueling Pistol Au Commandement, 25 metres'),(695,48,'Shooting Men Small-Bore Rifle, Prone, 50 metres, Team'),(696,47,'Sailing Mixed 6.5 metres'),(697,23,'Fencing Men Sabre, Individual, Three Hits'),(698,6,'Athletics Men 200 metres Hurdles'),(699,6,'Athletics Men 56-pound Weight Throw'),(700,47,'Sailing Mixed 0-0.5 Ton'),(701,6,'Athletics Men 2,500 metres Steeplechase'),(702,22,'Equestrianism Mixed Four-In-Hand Competition'),(703,6,'Athletics Men All-Around Championship'),(704,38,'Motorboating Mixed A-Class (Open)'),(705,6,'Athletics Men 2,590 metres Steeplechase'),(706,4,'Archery Women Double Columbia Round'),(707,24,'Figure Skating Men Special Figures'),(708,5,'Art Competitions Mixed Music, Unknown Event'),(709,48,'Shooting Men Military Rifle, Standing, 300 metres'),(710,55,'Swimming Men 50 yard Freestyle'),(711,55,'Swimming Men 100 yard Freestyle'),(712,55,'Swimming Men 440 yard Freestyle'),(713,10,'Basque Pelota Men Two-Man Teams With Cesta'),(714,48,'Shooting Men Trap, Single Shot, 16 metres'),(715,48,'Shooting Men Trap, Double Shot, 14 metres'),(716,22,'Equestrianism Mixed Hacks And Hunter Combined'),(717,15,'Canoeing Men Folding Kayak Singles, 10 kilometres'),(718,6,'Athletics Men 3,000 metres Walk'),(719,6,'Athletics Men 3,500 metres Walk'),(720,28,'Gymnastics Men Individual All-Around, 4 Events'),(721,66,'Wrestling Men Unlimited Class, Greco-Roman'),(722,28,'Gymnastics Men Club Swinging'),(723,38,'Motorboating Mixed B-Class (Under 60 Feet)'),(724,38,'Motorboating Mixed C-Class'),(725,17,'Croquet Mixed Singles, Two Balls'),(726,4,'Archery Men Au Cordon Dore, 50 metres'),(727,20,'Cycling Men 10,000 metres'),(728,5,'Art Competitions Mixed Sculpturing, Reliefs'),(729,4,'Archery Men Sur La Perche a La Herse'),(730,22,'Equestrianism Mixed High Jump'),(731,5,'Art Competitions Mixed Music, Compositions For Solo Or Chorus'),(732,47,'Sailing Mixed 3-10 Ton'),(733,4,'Archery Men Sur La Perche a La Pyramide'),(734,6,'Athletics Men 10 mile Walk'),(735,23,'Fencing Men Single Sticks, Individual'),(736,28,'Gymnastics Men Tumbling'),(737,55,'Swimming Men 1,200 metres Freestyle'),(738,6,'Athletics Men 4 mile, Team'),(739,4,'Archery Men Unknown Event'),(740,4,'Archery Men Au Chapelet, 50 metres'),(741,55,'Swimming Men 200 metres Obstacle Course'),(742,4,'Archery Men Championnat Du Monde'),(743,4,'Archery Women Team Round'),(744,66,'Wrestling Men All-Around, Greco-Roman'),(745,48,'Shooting Men Military Rifle, 200 metres'),(746,20,'Cycling Men 12-Hours Race'),(747,65,'Weightlifting Men All-Around Dumbbell Contest'),(748,48,'Shooting Men Military Pistol, 25 metres'),(749,48,'Shooting Men Muzzle-Loading Pistol, 25 metres'),(750,22,'Equestrianism Mixed Long Jump'),(751,55,'Swimming Men 500 metres Freestyle'),(752,48,'Shooting Men Free Pistol, 30 metres'),(753,48,'Shooting Men Unknown Event'),(754,4,'Archery Men Au Chapelet, 33 metres'),(755,4,'Archery Men Au Cordon Dore, 33 metres'),(756,4,'Archery Men Target Archery, 28 metres, Individual'),(757,1,'Aeronautics Mixed Aeronautics');



-----------------------------------------------------
CREATE TABLE games_competitor (
  id int NOT NULL,
  games_id int DEFAULT NULL,
  person_id int DEFAULT NULL,
  age int DEFAULT NULL,
  PRIMARY KEY (id),
  CONSTRAINT fk_gc_gam FOREIGN KEY (games_id) REFERENCES games (id),
  CONSTRAINT fk_gc_per FOREIGN KEY (person_id) REFERENCES person (id)
)
go
INSERT INTO games_competitor VALUES (1,1,1,24),(2,2,2,23),(3,3,3,24),(4,4,4,34),(5,5,5,21),(6,6,5,25),(7,7,5,27),(8,6,6,31),(9,7,6,33),(10,6,7,31),(11,7,7,33),(12,8,8,18),(13,9,9,26),(14,10,10,26),(15,11,11,22),(16,12,12,31),(17,13,13,30),(18,12,13,34),(19,7,14,32),(20,14,15,22),(21,3,15,30),(22,15,15,34),(23,16,16,28),(24,17,17,28),(25,10,17,32),(26,12,18,31),(27,17,19,54),(28,6,20,20),(29,7,20,22),(30,18,20,26),(31,9,20,30),(32,19,20,34),(33,20,21,27),(34,21,22,22),(35,12,23,22),(36,22,23,26),(37,23,24,24),(38,24,24,27),(39,3,25,24),(40,25,26,17),(41,26,27,26),(42,27,28,43),(43,28,28,47),(44,29,29,22),(45,13,30,26),(46,12,30,30),(47,30,31,24),(48,14,32,23),(49,1,33,24),(50,13,33,28),(51,2,34,30),(52,18,35,24),(53,13,36,21),(54,12,36,25),(55,13,37,23),(56,3,38,20),(57,14,39,33),(58,31,40,23),(59,32,40,27),(60,23,40,31),(61,3,41,28),(62,14,42,25),(63,1,43,34),(64,18,44,25),(65,9,44,29),(66,30,45,41),(67,30,46,33),(68,17,46,45),(69,10,46,49),(70,33,46,53),(71,34,46,57),(72,3,47,22),(73,15,47,26),(74,35,47,30),(75,2,48,24),(76,22,49,24),(77,20,49,28),(78,1,50,22),(79,13,50,26),(80,21,51,23),(81,36,52,22),(82,12,53,24),(83,21,55,26),(84,33,56,21),(85,29,57,24),(86,33,59,24),(87,34,59,28),(88,34,60,24),(89,34,61,26),(90,21,62,21),(91,20,63,30),(92,1,64,31),(93,21,65,21),(94,20,67,22),(95,2,67,26),(96,12,68,23),(97,20,69,19),(98,12,70,26),(99,1,71,27),(100,22,72,24),(101,20,72,28),(102,20,73,23),(103,2,73,27),(104,21,73,31),(105,2,74,30),(106,22,75,22),(107,12,76,22),(108,27,77,27),(109,13,78,26),(110,15,79,23),(111,13,80,22),(112,22,81,22),(113,12,82,26),(114,1,83,22),(115,22,84,26),(116,36,85,24),(117,37,85,28),(118,26,85,32),(119,37,86,22),(120,26,86,26),(121,38,87,29),(122,37,88,25),(123,26,89,21),(124,22,90,21),(125,2,91,27),(126,20,92,21),(127,22,93,34),(128,20,93,38),(129,26,94,38),(130,22,95,35),(131,22,96,18),(132,36,97,16),(133,27,98,30),(134,1,99,30),(135,30,100,22),(136,28,101,25),(137,30,103,25),(138,28,104,26),(139,2,105,19),(140,21,105,23),(141,29,106,22),(142,13,106,29),(143,12,106,34),(144,26,107,22),(145,29,107,26),(146,1,107,30),(147,13,107,34),(148,37,108,20),(149,26,108,25),(150,29,108,29),(151,1,108,33),(152,36,109,23),(153,37,109,27),(154,21,110,20),(155,13,111,22),(156,38,112,21),(157,22,113,22),(158,37,114,20),(159,1,115,24),(160,34,116,28),(161,38,116,32),(162,29,117,22),(163,12,118,22),(164,10,119,19),(165,22,120,26),(166,39,121,23),(167,22,122,28),(168,12,123,25),(169,22,123,29),(170,2,123,37),(171,10,124,31),(172,26,125,28),(173,16,126,20),(174,22,127,20),(175,20,127,24),(176,2,127,28),(177,2,128,28),(178,20,129,22),(179,20,130,18),(180,12,131,33),(181,2,132,28),(182,12,134,23),(183,21,135,23),(184,12,136,29),(185,24,137,15),(186,40,137,19),(187,21,138,24),(188,13,140,42),(189,12,140,46),(190,21,141,30),(191,35,142,26),(192,20,143,21),(193,20,144,23),(194,39,145,24),(195,16,145,28),(196,36,146,19),(197,13,147,41),(198,20,148,21),(199,21,149,30),(200,4,150,23),(201,4,151,42),(202,12,152,34),(203,20,153,23),(204,20,154,40),(205,12,155,22),(206,22,155,26),(207,2,155,34),(208,20,156,23),(209,22,157,22),(210,20,157,26),(211,20,158,21),(212,20,159,15),(213,2,159,19),(214,20,160,25),(215,21,161,28),(216,1,162,25),(217,13,162,29),(218,1,164,22),(219,22,165,20),(220,38,166,21),(221,28,166,29),(222,28,168,23),(223,26,169,19),(224,21,170,18),(225,12,171,25),(226,12,172,32),(227,34,174,19),(228,10,175,31),(229,12,177,23),(230,34,178,23),(231,27,178,32),(232,12,180,18),(233,22,180,22),(234,12,181,18),(235,1,182,29),(236,22,184,30),(237,17,185,31),(238,10,185,35),(239,36,187,32),(240,26,188,24),(241,1,191,20),(242,28,192,25),(243,17,193,21),(244,10,193,25),(245,34,193,33),(246,10,195,24),(247,34,195,32),(248,36,196,24),(249,29,197,28),(250,20,198,29),(251,26,199,23),(252,29,199,27),(253,1,200,24),(254,22,201,25),(255,28,202,19),(256,36,202,23),(257,20,203,23),(258,21,203,31),(259,13,204,21),(260,38,205,24),(261,34,206,18),(262,38,206,22),(263,30,207,21),(264,17,207,33),(265,10,207,37),(266,10,208,20),(267,26,210,27),(268,34,211,16),(269,38,211,21),(270,20,212,30),(271,20,213,28),(272,21,213,36),(273,1,214,21),(274,22,215,21),(275,12,216,26),(276,12,217,22),(277,12,218,27),(278,38,219,28),(279,13,221,24),(280,36,222,22),(281,17,223,19),(282,22,225,23),(283,20,225,27),(284,21,225,35),(285,21,227,27),(286,21,228,24),(287,21,229,26),(288,20,231,41),(289,2,232,24),(290,21,232,28),(291,20,233,17),(292,20,234,21),(293,26,235,25),(294,2,236,21),(295,21,236,25),(296,10,237,20),(297,22,238,36),(298,20,238,40),(299,21,239,23),(300,21,240,19),(301,2,241,23),(302,21,242,20),(303,2,243,23),(304,12,244,22),(305,20,245,21),(306,21,246,26),(307,37,247,24),(308,29,248,19),(309,1,248,23),(310,20,249,22),(311,2,249,26),(312,2,250,22),(313,21,250,26),(314,21,251,27),(315,20,252,30),(316,2,252,34),(317,1,253,19),(318,13,253,23),(319,29,254,21),(320,1,254,25),(321,35,255,21),(322,30,255,29),(323,17,255,41),(324,12,256,23),(325,22,256,27),(326,20,256,31),(327,2,256,35),(328,12,257,19),(329,22,257,23),(330,20,257,27),(331,20,258,17),(332,26,259,21),(333,36,261,24),(334,2,262,26),(335,13,263,23),(336,12,264,29),(337,26,265,31),(338,22,266,22),(339,29,267,19),(340,1,267,23),(341,13,268,25),(342,21,269,27),(343,29,270,23),(344,10,271,27),(345,21,272,30),(346,21,273,17),(347,37,274,24),(348,12,275,22),(349,13,276,24),(350,12,276,28),(351,12,277,19),(352,20,277,27),(353,1,278,25),(354,13,279,23),(355,12,279,27),(356,12,280,19),(357,34,282,30),(358,38,282,34),(359,26,283,22),(360,37,284,27),(361,36,286,23),(362,34,287,20),(363,1,288,17),(364,29,289,17),(365,12,290,14),(366,26,291,26),(367,36,292,34),(368,26,293,30),(369,28,295,29),(370,27,296,24),(371,34,297,38),(372,38,298,23),(373,20,299,22),(374,2,299,26),(375,30,304,21),(376,17,304,33),(377,26,305,24),(378,13,306,39),(379,29,307,23),(380,37,308,21),(381,10,309,30),(382,22,310,32),(383,22,311,21),(384,22,312,22),(385,27,313,21),(386,28,313,25),(387,20,314,22),(388,2,315,26),(389,28,316,26),(390,27,317,24),(391,2,318,20),(392,1,319,28),(393,1,320,18),(394,20,321,27),(395,29,322,20),(396,22,323,31),(397,1,324,32),(398,1,325,25),(399,1,329,21),(400,3,330,23),(401,13,331,21),(402,12,331,25),(403,1,332,21),(404,13,332,25),(405,29,334,28),(406,21,335,28),(407,13,336,27),(408,12,336,32),(409,13,337,22),(410,12,337,26),(411,2,338,22),(412,21,338,26),(413,13,339,25),(414,12,339,29),(415,22,339,33),(416,2,340,21),(417,20,341,27),(418,28,342,16),(419,20,343,16),(420,2,343,20),(421,2,344,23),(422,2,345,20),(423,20,346,15),(424,2,346,19),(425,37,347,18),(426,29,348,19),(427,1,348,23),(428,21,349,33),(429,20,350,21),(430,2,350,25),(431,12,351,23),(432,22,352,22),(433,20,353,19),(434,2,353,23),(435,21,354,26),(436,21,355,29),(437,21,356,26),(438,22,357,26),(439,20,357,30),(440,2,357,34),(441,1,359,26),(442,12,359,34),(443,29,360,24),(444,13,360,32),(445,22,361,18),(446,30,362,24),(447,41,363,24),(448,42,363,28),(449,34,364,25),(450,1,365,23),(451,28,366,25),(452,5,367,22),(453,6,367,26),(454,7,367,28),(455,27,368,23),(456,30,369,22),(457,28,370,24),(458,36,370,28),(459,12,371,21),(460,20,371,29),(461,13,372,26),(462,26,373,21),(463,29,373,25),(464,1,373,29),(465,34,374,28),(466,26,375,18),(467,12,376,31),(468,22,377,22),(469,1,379,21),(470,1,380,22),(471,29,381,23),(472,20,382,35),(473,2,383,27),(474,21,383,31),(475,26,384,30),(476,15,385,22),(477,35,385,26),(478,28,386,22),(479,36,386,26),(480,22,387,19),(481,28,388,19),(482,35,389,45),(483,20,390,20),(484,43,391,23),(485,31,392,35),(486,42,393,19),(487,11,393,23),(488,28,394,19),(489,20,395,16),(490,2,395,20),(491,21,395,24),(492,20,396,25),(493,12,397,25),(494,22,397,29),(495,15,398,24),(496,30,398,36),(497,17,398,48),(498,10,398,52),(499,3,399,20),(500,2,400,28),(501,1,401,22),(502,20,402,22),(503,21,402,30),(504,34,403,18),(505,4,404,15),(506,44,404,19),(507,21,405,22),(508,17,406,26),(509,11,407,26),(510,29,408,37),(511,10,409,19),(512,13,410,23),(513,12,411,22),(514,21,412,24),(515,27,413,27),(516,28,413,30),(517,36,413,34),(518,14,414,26),(519,6,415,23),(520,14,416,19),(521,29,417,17),(522,14,418,22),(523,17,419,30),(524,10,420,27),(525,2,421,23),(526,5,422,34),(527,6,422,38),(528,7,422,40),(529,18,422,44),(530,9,422,48),(531,12,423,22),(532,33,424,17),(533,13,425,25),(534,31,426,29),(535,28,427,24),(536,22,428,21),(537,20,428,25),(538,12,429,30),(539,21,430,20),(540,21,431,24),(541,1,432,26),(542,13,432,30),(543,20,432,42),(544,20,433,23),(545,2,433,27),(546,21,433,31),(547,26,434,21),(548,29,435,19),(549,29,436,22),(550,29,437,18),(551,28,438,30),(552,20,439,27),(553,20,440,19),(554,2,441,24),(555,21,442,27),(556,36,443,25),(557,37,443,29),(558,2,444,27),(559,21,444,31),(560,2,445,24),(561,21,446,35),(562,37,447,28),(563,26,447,32),(564,18,448,22),(565,20,449,26),(566,22,450,29),(567,21,451,21),(568,9,452,22),(569,19,452,26),(570,39,452,30),(571,35,453,24),(572,30,453,32),(573,8,454,19),(574,2,455,19),(575,21,455,24),(576,36,456,24),(577,21,457,23),(578,13,458,20),(579,2,459,17),(580,28,460,22),(581,28,461,26),(582,18,462,19),(583,16,463,17),(584,29,464,25),(585,21,465,30),(586,5,466,25),(587,26,467,27),(588,21,468,27),(589,27,469,28),(590,28,469,32),(591,28,470,24),(592,12,471,25),(593,20,471,33),(594,21,471,41),(595,10,472,24),(596,12,473,27),(597,26,474,29),(598,1,475,26),(599,12,476,20),(600,26,477,30),(601,17,478,27),(602,12,479,30),(603,17,480,24),(604,10,480,28),(605,36,481,22),(606,26,481,30),(607,26,482,22),(608,17,483,38),(609,10,483,42),(610,34,484,24),(611,38,484,28),(612,29,485,21),(613,12,486,20),(614,22,488,21),(615,20,488,25),(616,1,489,22),(617,29,490,23),(618,26,491,22),(619,2,493,31),(620,21,494,28),(621,2,495,21),(622,21,495,25),(623,1,496,21),(624,27,497,22),(625,22,498,26),(626,6,499,22),(627,22,500,23),(628,2,501,33),(629,28,503,22),(630,13,504,24),(631,14,505,25),(632,30,506,19),(633,29,507,21),(634,1,507,25),(635,36,509,17),(636,37,509,21),(637,21,510,19),(638,21,511,33),(639,26,512,19),(640,29,512,23),(641,1,512,27),(642,13,512,31),(643,37,513,21),(644,12,514,25),(645,22,514,29),(646,20,514,33),(647,27,515,22),(648,20,516,29),(649,26,517,22),(650,36,518,23),(651,3,519,20),(652,15,519,24),(653,45,520,21),(654,14,520,27),(655,14,521,21),(656,5,522,25),(657,11,523,19),(658,25,523,23),(659,26,524,26),(660,28,525,24),(661,36,525,28),(662,41,526,24),(663,3,527,22),(664,34,528,28),(665,38,528,33),(666,46,529,31),(667,41,530,24),(668,28,531,21),(669,19,532,17),(670,39,532,21),(671,16,532,25),(672,21,533,28),(673,19,534,17),(674,39,534,21),(675,16,534,25),(676,39,535,22),(677,16,535,26),(678,1,536,22),(679,13,537,16),(680,13,538,31),(681,7,539,23),(682,18,539,27),(683,34,540,24),(684,20,541,24),(685,38,542,30),(686,22,543,25),(687,7,544,34),(688,37,545,23),(689,29,546,21),(690,38,547,24),(691,19,548,23),(692,39,548,27),(693,19,549,29),(694,39,550,27),(695,21,551,19),(696,29,552,32),(697,33,553,22),(698,34,553,25),(699,21,554,31),(700,29,555,20),(701,1,555,24),(702,13,555,28),(703,20,556,21),(704,2,556,25),(705,29,557,26),(706,13,558,19),(707,7,559,16),(708,2,560,22),(709,7,561,26),(710,6,562,21),(711,18,562,27),(712,9,562,31),(713,21,563,22),(714,36,564,20),(715,22,565,26),(716,27,566,20),(717,36,567,22),(718,20,568,40),(719,26,569,18),(720,37,570,23),(721,13,571,24),(722,36,572,15),(723,37,572,19),(724,29,573,24),(725,2,574,34),(726,21,574,38),(727,2,575,22),(728,21,576,23),(729,14,577,23),(730,21,578,21),(731,21,579,26),(732,12,580,20),(733,20,580,28),(734,10,581,26),(735,37,582,22),(736,22,583,23),(737,20,583,27),(738,2,583,31),(739,21,583,35),(740,2,584,21),(741,29,585,24),(742,9,586,31),(743,29,587,26),(744,9,588,25),(745,20,589,25),(746,20,590,27),(747,22,591,27),(748,26,592,19),(749,2,593,28),(750,21,593,32),(751,1,594,22),(752,13,594,26),(753,13,595,33),(754,2,596,28),(755,12,598,16),(756,22,598,19),(757,13,599,23),(758,22,600,18),(759,20,600,22),(760,22,601,19),(761,12,602,22),(762,29,603,24),(763,20,604,17),(764,27,605,20),(765,38,606,21),(766,27,606,25),(767,22,607,23),(768,21,608,20),(769,22,609,18),(770,34,610,22),(771,38,610,26),(772,21,611,23),(773,2,612,28),(774,21,613,22),(775,13,614,23),(776,26,615,25),(777,22,616,27),(778,22,617,28),(779,36,618,21),(780,37,618,25),(781,37,619,20),(782,20,620,25),(783,2,620,29),(784,22,621,14),(785,29,622,19),(786,20,623,27),(787,2,623,31),(788,17,625,21),(789,10,625,25),(790,28,626,21),(791,36,626,25),(792,20,627,16),(793,28,628,22),(794,36,628,26),(795,2,629,24),(796,13,630,26),(797,17,631,26),(798,17,632,33),(799,7,633,24),(800,18,633,28),(801,5,634,20),(802,6,634,24),(803,7,634,26),(804,18,634,30),(805,9,634,34),(806,47,635,27),(807,17,636,31),(808,12,637,31),(809,2,638,21),(810,3,639,21),(811,1,640,17),(812,34,641,23),(813,35,642,39),(814,28,643,23),(815,29,644,22),(816,27,645,19),(817,1,646,21),(818,1,647,22),(819,28,648,22),(820,27,649,22),(821,28,649,26),(822,21,650,18),(823,20,651,22),(824,21,652,21),(825,21,653,23),(826,26,654,19),(827,26,655,22),(828,27,656,21),(829,28,656,25),(830,36,657,25),(831,21,658,23),(832,1,659,22),(833,21,660,25),(834,34,661,28),(835,2,662,20),(836,22,663,22),(837,20,663,26),(838,21,663,34),(839,2,664,29),(840,48,665,29),(841,12,666,28),(842,38,667,25),(843,21,668,23),(844,1,669,18),(845,26,670,24),(846,39,671,16),(847,26,672,25),(848,29,673,29),(849,29,674,23),(850,1,674,27),(851,13,674,31),(852,12,675,25),(853,20,675,33),(854,15,677,55),(855,26,678,41),(856,16,679,23),(857,24,680,25),(858,40,680,30),(859,2,681,24),(860,13,682,19),(861,12,682,23),(862,2,683,19),(863,21,683,23),(864,26,684,28),(865,29,684,32),(866,2,685,17),(867,36,686,20),(868,20,687,23),(869,2,687,27),(870,37,688,23),(871,33,689,28),(872,34,689,32),(873,2,690,27),(874,21,690,31),(875,29,691,20),(876,33,692,28),(877,38,693,25),(878,29,694,18),(879,29,695,24),(880,3,697,22),(881,36,698,27),(882,3,699,22),(883,22,700,26),(884,13,701,24),(885,18,702,20),(886,9,702,24),(887,19,702,28),(888,27,703,26),(889,8,704,27),(890,5,705,22),(891,6,705,26),(892,7,705,28),(893,7,706,24),(894,18,706,28),(895,9,706,32),(896,12,707,24),(897,1,708,19),(898,13,708,23),(899,28,709,18),(900,21,710,22),(901,30,711,28),(902,34,712,26),(903,38,712,30),(904,27,713,26),(905,28,713,30),(906,30,714,29),(907,21,715,29),(908,20,716,20),(909,26,717,22),(910,27,718,20),(911,20,719,27),(912,2,719,31),(913,21,720,20),(914,21,721,24),(915,10,722,22),(916,20,723,23),(917,37,724,20),(918,20,725,16),(919,21,726,25),(920,17,727,23),(921,10,727,27),(922,10,728,26),(923,20,729,20),(924,38,730,29),(925,27,731,22),(926,28,731,26),(927,38,732,21),(928,30,733,16),(929,17,734,30),(930,10,734,34),(931,23,735,32),(932,19,736,20),(933,39,736,24),(934,13,737,21),(935,12,737,25),(936,22,737,29),(937,20,737,33),(938,2,737,37),(939,20,738,18),(940,2,738,22),(941,28,739,24),(942,17,740,29),(943,13,741,25),(944,21,742,25),(945,21,743,23),(946,15,744,23),(947,37,745,23),(948,49,746,19),(949,50,746,23),(950,30,747,22),(951,2,748,29),(952,22,749,25),(953,21,750,21),(954,1,751,26),(955,2,752,23),(956,16,753,28),(957,26,754,21),(958,12,755,23),(959,22,755,27),(960,22,756,25),(961,20,759,20),(962,21,760,20),(963,20,761,22),(964,30,762,21),(965,29,763,23),(966,2,764,27),(967,1,765,15),(968,36,766,25),(969,37,766,29),(970,1,768,27),(971,21,769,23),(972,1,770,24),(973,9,770,33),(974,28,771,20),(975,36,771,24),(976,19,772,24),(977,29,773,19),(978,1,773,23),(979,14,774,30),(980,30,775,26),(981,14,776,49),(982,17,777,24),(983,14,778,20),(984,26,779,30),(985,29,779,35)
go
INSERT INTO games_competitor VALUES (986,1,779,38),(987,22,780,18),(988,13,781,30),(989,29,782,32),(990,15,783,31),(991,29,784,30),(992,1,785,22),(993,28,786,21),(994,36,786,25),(995,17,787,26),(996,29,788,29),(997,1,788,33),(998,37,789,20),(999,34,790,18),(1000,17,791,47),(1001,6,792,22),(1002,7,792,24),(1003,18,792,28),(1004,13,793,18),(1005,25,794,21),(1006,5,794,25),(1007,6,794,29),(1008,20,795,26),(1009,2,795,30),(1010,1,796,32),(1011,10,797,23),(1012,28,798,23),(1013,2,799,14),(1014,38,800,25),(1015,27,800,29),(1016,28,801,29),(1017,46,802,26),(1018,36,803,16),(1019,2,804,23),(1020,21,804,27),(1021,1,805,19),(1022,44,806,38),(1023,14,807,22),(1024,10,808,27),(1025,36,809,27),(1026,48,810,19),(1027,2,811,20),(1028,21,811,24),(1029,12,812,30),(1030,44,813,36),(1031,36,815,22),(1032,37,815,26),(1033,12,817,38),(1034,14,818,31),(1035,3,818,39),(1036,26,819,24),(1037,13,820,37),(1038,28,821,22),(1039,29,822,20),(1040,21,823,29),(1041,22,824,27),(1042,20,824,31),(1043,2,824,35),(1044,30,825,16),(1045,2,826,23),(1046,21,827,26),(1047,36,828,38),(1048,30,829,20),(1049,37,830,21),(1050,26,830,25),(1051,29,830,29),(1052,29,831,21),(1053,2,832,29),(1054,21,832,33),(1055,1,833,25),(1056,21,834,24),(1057,26,835,39),(1058,29,835,43),(1059,1,835,46),(1060,13,835,50),(1061,47,836,23),(1062,14,836,27),(1063,21,837,26),(1064,35,838,20),(1065,34,839,17),(1066,16,840,24),(1067,27,841,23),(1068,28,841,27),(1069,8,842,48),(1070,1,844,19),(1071,35,845,21),(1072,22,846,19),(1073,20,846,23),(1074,2,846,27),(1075,21,846,31),(1076,22,847,22),(1077,10,848,20),(1078,20,849,25),(1079,2,849,29),(1080,30,850,26),(1081,34,851,23),(1082,10,852,29),(1083,37,853,22),(1084,26,854,26),(1085,29,854,30),(1086,13,855,27),(1087,34,856,25),(1088,10,857,27),(1089,12,858,23),(1090,29,859,27),(1091,37,860,23),(1092,1,861,25),(1093,29,862,23),(1094,29,863,20),(1095,13,863,28),(1096,21,864,24),(1097,17,865,24),(1098,30,866,20),(1099,2,867,23),(1100,21,867,27),(1101,22,868,20),(1102,21,869,25),(1103,27,870,26),(1104,37,871,21),(1105,12,873,28),(1106,35,874,20),(1107,35,875,19),(1108,8,875,23),(1109,30,875,27),(1110,17,875,39),(1111,20,876,37),(1112,1,877,22),(1113,34,878,28),(1114,1,879,23),(1115,34,880,21),(1116,13,881,24),(1117,1,882,17),(1118,13,882,21),(1119,38,883,27),(1120,27,883,31),(1121,38,885,23),(1122,38,886,23),(1123,34,887,20),(1124,38,887,24),(1125,27,887,28),(1126,28,887,32),(1127,20,888,23),(1128,2,888,27),(1129,26,889,20),(1130,29,889,24),(1131,13,889,32),(1132,13,890,23),(1133,8,891,20),(1134,5,892,19),(1135,6,892,23),(1136,7,892,25),(1137,18,892,29),(1138,7,893,23),(1139,21,894,29),(1140,17,895,25),(1141,20,896,22),(1142,26,897,27),(1143,13,898,24),(1144,29,899,30),(1145,21,900,23),(1146,29,901,26),(1147,1,901,30),(1148,21,902,22),(1149,13,903,17),(1150,12,903,22),(1151,24,904,25),(1152,37,906,33),(1153,26,907,38),(1154,20,908,19),(1155,35,909,22),(1156,8,909,26),(1157,1,910,28),(1158,16,911,17),(1159,20,912,19),(1160,15,913,38),(1161,35,914,29),(1162,30,914,38),(1163,2,915,18),(1164,21,915,22),(1165,21,916,28),(1166,26,917,24),(1167,26,918,24),(1168,29,918,28),(1169,29,919,21),(1170,13,920,23),(1171,12,920,27),(1172,28,921,23),(1173,26,922,21),(1174,29,922,26),(1175,29,923,19),(1176,1,923,22),(1177,13,923,26),(1178,21,924,23),(1179,2,925,25),(1180,21,925,29),(1181,27,926,24),(1182,28,926,28),(1183,2,927,27),(1184,15,928,31),(1185,13,929,22),(1186,12,929,27),(1187,20,929,35),(1188,10,930,33),(1189,21,931,30),(1190,29,932,24),(1191,10,933,19),(1192,37,934,22),(1193,38,935,21),(1194,26,936,24),(1195,29,936,28),(1196,42,938,22),(1197,11,938,26),(1198,20,939,31),(1199,37,940,25),(1200,28,941,20),(1201,2,942,25),(1202,20,943,23),(1203,21,944,16),(1204,34,945,17),(1205,13,946,21),(1206,12,946,26),(1207,28,947,20),(1208,37,947,28),(1209,26,947,32),(1210,37,948,21),(1211,30,949,24),(1212,34,950,19),(1213,26,951,22),(1214,1,952,28),(1215,13,952,32),(1216,1,953,23),(1217,13,953,26),(1218,12,953,31),(1219,21,954,23),(1220,8,955,21),(1221,30,955,25),(1222,39,956,27),(1223,1,957,18),(1224,2,959,28),(1225,12,960,23),(1226,21,961,22),(1227,10,962,20),(1228,13,963,26),(1229,17,964,32),(1230,26,965,20),(1231,29,965,24),(1232,1,965,28),(1233,26,966,26),(1234,29,966,30),(1235,1,966,34),(1236,34,967,23),(1237,14,968,16),(1238,15,968,28),(1239,38,969,36),(1240,34,970,18),(1241,38,971,20),(1242,14,972,21),(1243,30,973,37),(1244,14,974,45),(1245,47,975,39),(1246,2,976,17),(1247,47,977,15),(1248,14,977,19),(1249,3,977,27),(1250,15,977,31),(1251,14,978,15),(1252,3,978,23),(1253,36,979,41),(1254,20,980,19),(1255,2,980,23),(1256,29,981,22),(1257,13,981,29),(1258,36,982,23),(1259,37,984,21),(1260,34,985,25),(1261,15,986,30),(1262,35,986,34),(1263,13,987,25),(1264,34,989,20),(1265,12,991,24),(1266,43,992,25),(1267,24,993,20),(1268,31,995,21),(1269,35,996,21),(1270,29,997,22),(1271,1,997,26),(1272,11,998,23),(1273,25,998,27),(1274,42,999,25),(1275,12,1000,26),(1276,22,1001,19),(1277,12,1002,20),(1278,37,1003,16),(1279,26,1003,20),(1280,21,1004,22),(1281,12,1005,31),(1282,30,1007,22),(1283,28,1008,34),(1284,28,1009,21),(1285,26,1010,23),(1286,13,1011,23),(1287,38,1012,23),(1288,27,1012,27),(1289,37,1013,22),(1290,28,1014,28),(1291,3,1015,49),(1292,15,1015,53),(1293,20,1017,19),(1294,2,1017,23),(1295,21,1017,27),(1296,21,1018,22),(1297,26,1019,33),(1298,29,1019,37),(1299,1,1020,21),(1300,13,1020,25),(1301,12,1020,29),(1302,34,1021,35),(1303,28,1021,47),(1304,12,1022,29),(1305,22,1022,33),(1306,20,1022,37),(1307,12,1023,21),(1308,22,1023,25),(1309,20,1023,29),(1310,2,1023,33),(1311,21,1023,37),(1312,13,1024,23),(1313,22,1024,32),(1314,20,1024,36),(1315,13,1025,30),(1316,40,1026,21),(1317,29,1027,25),(1318,20,1028,19),(1319,10,1029,20),(1320,12,1030,24),(1321,37,1031,24),(1322,22,1032,20),(1323,20,1032,24),(1324,37,1033,27),(1325,9,1034,20),(1326,21,1035,25),(1327,20,1036,26),(1328,13,1037,23),(1329,12,1037,27),(1330,26,1038,28),(1331,20,1039,24),(1332,9,1040,30),(1333,30,1042,27),(1334,29,1043,22),(1335,9,1044,24),(1336,19,1044,28),(1337,19,1045,27),(1338,38,1046,24),(1339,14,1047,29),(1340,28,1048,24),(1341,14,1049,22),(1342,36,1050,24),(1343,35,1051,20),(1344,2,1052,19),(1345,21,1052,23),(1346,16,1053,20),(1347,35,1054,20),(1348,16,1055,37),(1349,20,1056,33),(1350,2,1057,28),(1351,1,1058,22),(1352,1,1059,21),(1353,13,1059,25),(1354,28,1060,31),(1355,15,1061,27),(1356,9,1062,34),(1357,41,1063,25),(1358,15,1064,23),(1359,35,1064,27),(1360,30,1064,35),(1361,14,1065,44),(1362,14,1066,20),(1363,20,1067,25),(1364,21,1068,19),(1365,13,1069,30),(1366,27,1070,23),(1367,20,1071,16),(1368,2,1071,20),(1369,13,1072,30),(1370,26,1073,26),(1371,2,1074,19),(1372,21,1074,23),(1373,22,1075,20),(1374,30,1076,28),(1375,43,1077,26),(1376,2,1078,21),(1377,37,1079,26),(1378,29,1080,18),(1379,16,1081,18),(1380,21,1082,28),(1381,12,1084,19),(1382,9,1085,22),(1383,19,1085,26),(1384,39,1085,30),(1385,12,1086,27),(1386,21,1087,17),(1387,13,1088,20),(1388,12,1088,24),(1389,28,1089,24),(1390,1,1090,22),(1391,13,1091,21),(1392,21,1092,25),(1393,21,1093,25),(1394,36,1094,22),(1395,21,1095,28),(1396,28,1096,20),(1397,13,1097,19),(1398,12,1097,23),(1399,22,1097,27),(1400,20,1097,31),(1401,2,1097,35),(1402,22,1098,20),(1403,20,1098,24),(1404,2,1098,28),(1405,21,1098,32),(1406,1,1099,37),(1407,10,1100,21),(1408,38,1102,25),(1409,29,1103,21),(1410,38,1104,25),(1411,13,1105,19),(1412,24,1106,27),(1413,21,1107,27),(1414,2,1108,28),(1415,26,1109,16),(1416,13,1110,21),(1417,12,1110,25),(1418,22,1110,29),(1419,16,1111,23),(1420,2,1112,16),(1421,12,1113,21),(1422,22,1114,24),(1423,20,1114,27),(1424,2,1114,31),(1425,21,1114,35),(1426,19,1115,20),(1427,13,1116,24),(1428,12,1116,28),(1429,38,1117,30),(1430,27,1117,34),(1431,12,1118,25),(1432,42,1119,27),(1433,13,1120,28),(1434,27,1121,31),(1435,13,1122,26),(1436,37,1123,19),(1437,15,1124,23),(1438,30,1124,35),(1439,22,1125,22),(1440,13,1126,24),(1441,32,1127,23),(1442,24,1127,31),(1443,28,1128,27),(1444,28,1129,27),(1445,26,1130,29),(1446,21,1131,23),(1447,13,1132,24),(1448,22,1132,32),(1449,1,1133,19),(1450,2,1134,18),(1451,37,1135,22),(1452,34,1136,39),(1453,27,1136,47),(1454,35,1137,22),(1455,49,1138,24),(1456,26,1139,23),(1457,29,1140,23),(1458,13,1140,31),(1459,13,1141,22),(1460,36,1142,23),(1461,37,1142,27),(1462,12,1143,25),(1463,3,1144,47),(1464,21,1145,21),(1465,21,1146,21),(1466,33,1147,20),(1467,34,1147,24),(1468,38,1147,28),(1469,34,1148,21),(1470,38,1148,25),(1471,20,1149,18),(1472,23,1150,34),(1473,47,1151,19),(1474,22,1152,23),(1475,38,1153,29),(1476,28,1154,26),(1477,1,1155,22),(1478,29,1156,18),(1479,1,1157,17),(1480,13,1157,21),(1481,22,1158,28),(1482,12,1159,18),(1483,38,1160,20),(1484,17,1161,17),(1485,10,1161,21),(1486,21,1162,21),(1487,27,1163,27),(1488,22,1164,25),(1489,20,1164,29),(1490,28,1165,27),(1491,37,1166,22),(1492,26,1166,26),(1493,29,1166,30),(1494,22,1167,18),(1495,12,1169,21),(1496,20,1169,29),(1497,2,1169,33),(1498,37,1170,22),(1499,7,1171,20),(1500,31,1172,25),(1501,32,1172,29),(1502,2,1173,20),(1503,21,1173,24),(1504,17,1174,17),(1505,10,1174,21),(1506,38,1175,20),(1507,47,1176,20),(1508,26,1177,27),(1509,12,1178,32),(1510,30,1179,23),(1511,26,1180,36),(1512,19,1181,18),(1513,39,1181,23),(1514,16,1181,26),(1515,29,1182,23),(1516,1,1182,27),(1517,10,1183,28),(1518,17,1184,38),(1519,33,1185,21),(1520,13,1186,21),(1521,29,1187,18),(1522,19,1188,24),(1523,39,1188,28),(1524,10,1189,30),(1525,20,1190,31),(1526,38,1191,27),(1527,35,1192,19),(1528,8,1192,23),(1529,17,1192,39),(1530,24,1193,26),(1531,26,1194,26),(1532,21,1195,24),(1533,2,1196,21),(1534,37,1198,21),(1535,13,1199,22),(1536,16,1200,22),(1537,30,1201,20),(1538,2,1202,25),(1539,22,1203,19),(1540,20,1203,23),(1541,2,1203,27),(1542,21,1203,31),(1543,20,1204,34),(1544,36,1205,23),(1545,26,1206,25),(1546,29,1206,29),(1547,36,1207,27),(1548,26,1209,19),(1549,26,1210,22),(1550,35,1211,19),(1551,20,1212,27),(1552,21,1213,24),(1553,13,1214,24),(1554,1,1215,22),(1555,17,1217,24),(1556,27,1218,19),(1557,29,1219,28),(1558,20,1220,20),(1559,12,1221,23),(1560,20,1221,31),(1561,17,1222,21),(1562,10,1222,25),(1563,29,1223,23),(1564,29,1224,22),(1565,12,1225,17),(1566,34,1226,20),(1567,26,1227,28),(1568,13,1228,27),(1569,1,1229,29),(1570,37,1230,29),(1571,29,1231,27),(1572,1,1232,19),(1573,13,1232,23),(1574,2,1233,27),(1575,20,1234,30),(1576,2,1234,34),(1577,21,1234,38),(1578,29,1235,26),(1579,37,1236,19),(1580,26,1236,23),(1581,37,1237,20),(1582,26,1237,24),(1583,22,1239,27),(1584,22,1240,27),(1585,20,1240,31),(1586,13,1241,26),(1587,21,1242,23),(1588,21,1243,23),(1589,21,1244,41),(1590,38,1245,26),(1591,26,1246,24),(1592,1,1246,32),(1593,20,1247,24),(1594,2,1247,28),(1595,21,1247,32),(1596,13,1248,26),(1597,37,1249,20),(1598,38,1250,21),(1599,22,1251,24),(1600,20,1251,28),(1601,27,1252,16),(1602,38,1253,28),(1603,2,1254,27),(1604,21,1254,31),(1605,27,1256,43),(1606,27,1257,18),(1607,28,1257,22),(1608,36,1257,26),(1609,22,1258,24),(1610,29,1259,18),(1611,26,1260,24),(1612,29,1260,28),(1613,26,1261,22),(1614,2,1262,19),(1615,21,1262,23),(1616,27,1263,32),(1617,13,1264,24),(1618,21,1265,20),(1619,12,1266,19),(1620,9,1267,23),(1621,34,1268,18),(1622,20,1269,23),(1623,1,1270,26),(1624,21,1271,27),(1625,13,1272,21),(1626,12,1272,25),(1627,22,1273,22),(1628,2,1274,29),(1629,27,1275,30),(1630,36,1276,24),(1631,21,1277,20),(1632,22,1278,27),(1633,20,1278,31),(1634,21,1279,19),(1635,19,1280,20),(1636,21,1281,30),(1637,12,1282,23),(1638,20,1283,18),(1639,2,1283,22),(1640,1,1286,30),(1641,29,1287,21),(1642,1,1288,21),(1643,30,1289,24),(1644,20,1290,15),(1645,2,1290,19),(1646,21,1290,23),(1647,19,1291,18),(1648,37,1292,25),(1649,15,1293,20),(1650,1,1294,29),(1651,13,1294,33),(1652,17,1295,32),(1653,17,1296,30),(1654,2,1297,23),(1655,12,1298,25),(1656,2,1299,28),(1657,1,1300,26),(1658,21,1301,21),(1659,37,1302,20),(1660,17,1303,36),(1661,26,1304,17),(1662,26,1305,23),(1663,13,1306,24),(1664,13,1307,18),(1665,12,1307,22),(1666,38,1308,25),(1667,1,1309,27),(1668,13,1309,31),(1669,1,1310,23),(1670,13,1310,27),(1671,1,1311,23),(1672,13,1311,27),(1673,12,1311,31),(1674,38,1312,21),(1675,12,1313,24),(1676,22,1313,28),(1677,20,1313,32),(1678,20,1314,27),(1679,26,1315,28),(1680,20,1316,21),(1681,2,1316,25),(1682,22,1317,28),(1683,20,1317,32),(1684,37,1318,20),(1685,38,1319,25),(1686,21,1320,25),(1687,3,1321,32),(1688,41,1322,23),(1689,47,1323,22),(1690,17,1324,48),(1691,25,1325,23),(1692,38,1326,24),(1693,27,1326,28),(1694,28,1326,32),(1695,1,1327,29),(1696,1,1328,22),(1697,38,1329,19),(1698,27,1329,23),(1699,13,1330,21),(1700,30,1332,23),(1701,8,1333,21),(1702,30,1333,25),(1703,28,1334,25),(1704,14,1335,19),(1705,41,1336,24),(1706,11,1336,32),(1707,17,1337,71),(1708,17,1338,24),(1709,30,1339,29),(1710,18,1340,23),(1711,9,1340,27),(1712,43,1341,44),(1713,25,1342,24),(1714,27,1343,25),(1715,27,1344,27),(1716,28,1345,18),(1717,36,1345,21),(1718,15,1346,26),(1719,35,1346,30),(1720,14,1347,24),(1721,14,1348,24),(1722,3,1348,32),(1723,17,1349,23),(1724,17,1350,19),(1725,1,1351,25),(1726,17,1352,21),(1727,38,1353,48),(1728,20,1354,20),(1729,2,1354,24),(1730,45,1355,26),(1731,22,1356,29),(1732,20,1356,33),(1733,2,1356,37),(1734,21,1356,41),(1735,35,1357,20),(1736,31,1358,24),(1737,8,1359,25),(1738,38,1360,33),(1739,26,1361,26),(1740,35,1362,23),(1741,10,1363,27),(1742,10,1364,31),(1743,33,1365,26),(1744,37,1366,25),(1745,29,1368,21),(1746,26,1369,22),(1747,28,1370,30),(1748,12,1371,23),(1749,2,1372,23),(1750,36,1373,19),(1751,2,1374,25),(1752,21,1374,29),(1753,12,1375,23),(1754,22,1375,27),(1755,2,1375,35),(1756,36,1376,21),(1757,2,1377,30),(1758,21,1377,34),(1759,17,1378,23),(1760,10,1378,27),(1761,13,1379,30),(1762,12,1379,34),(1763,1,1380,22),(1764,20,1381,24),(1765,20,1382,24),(1766,29,1384,26),(1767,22,1385,26),(1768,1,1386,20),(1769,37,1387,28),(1770,12,1388,20),(1771,27,1389,21),(1772,2,1390,23),(1773,34,1391,25),(1774,21,1392,17),(1775,2,1393,23),(1776,21,1394,23),(1777,29,1397,24),(1778,20,1398,23),(1779,26,1400,21),(1780,29,1400,25),(1781,22,1401,28),(1782,29,1402,20),(1783,1,1402,24),(1784,13,1402,28),(1785,12,1404,23),(1786,2,1405,21),(1787,21,1405,25),(1788,12,1406,26),(1789,22,1407,34),(1790,26,1408,28),(1791,34,1409,27),(1792,20,1410,23),(1793,13,1411,29),(1794,27,1412,27),(1795,28,1412,30),(1796,21,1413,20),(1797,29,1414,20),(1798,1,1414,23),(1799,13,1414,27),(1800,1,1415,21),(1801,12,1416,18),(1802,2,1417,21),(1803,22,1418,25),(1804,20,1419,23),(1805,29,1420,20),(1806,21,1421,21),(1807,6,1422,18),(1808,7,1422,20),(1809,18,1422,24),(1810,25,1423,22),(1811,14,1424,26),(1812,35,1425,23),(1813,37,1426,29),(1814,34,1427,26),(1815,14,1428,20),(1816,27,1430,24),(1817,34,1431,27),(1818,42,1432,24),(1819,29,1433,18),(1820,1,1433,22),(1821,13,1433,26),(1822,22,1433,34),(1823,1,1434,21),(1824,7,1435,16),(1825,18,1435,20),(1826,9,1435,24),(1827,19,1435,28),(1828,39,1435,32),(1829,16,1435,36),(1830,28,1436,28),(1831,36,1436,32),(1832,9,1437,31),(1833,2,1438,21),(1834,2,1439,24),(1835,21,1439,28),(1836,28,1440,24),(1837,34,1441,27),(1838,38,1442,30),(1839,36,1443,23),(1840,12,1444,24),(1841,22,1444,28),(1842,20,1445,27),(1843,2,1445,31),(1844,21,1445,35),(1845,33,1447,23),(1846,34,1447,27),(1847,12,1448,23),(1848,38,1449,16),(1849,31,1450,36),(1850,32,1450,40),(1851,2,1451,24),(1852,21,1451,28),(1853,1,1452,21),(1854,21,1453,18),(1855,33,1454,25),(1856,19,1455,24),(1857,26,1457,24),(1858,15,1458,24),(1859,20,1460,20),(1860,2,1460,24),(1861,34,1461,31),(1862,2,1462,20),(1863,21,1462,24),(1864,22,1463,25),(1865,21,1464,14),(1866,21,1465,27),(1867,2,1466,26),(1868,21,1466,30),(1869,13,1467,22),(1870,12,1467,26),(1871,22,1467,30),(1872,20,1467,34),(1873,22,1468,23),(1874,50,1469,24),(1875,27,1470,30),(1876,17,1471,20),(1877,21,1472,22),(1878,38,1473,21),(1879,1,1474,24),(1880,13,1474,28),(1881,14,1475,24),(1882,37,1476,26),(1883,26,1476,30),(1884,2,1477,29),(1885,21,1477,33),(1886,21,1478,27),(1887,26,1479,22),(1888,15,1480,32),(1889,2,1481,23),(1890,21,1481,27),(1891,38,1482,21),(1892,27,1482,25),(1893,33,1483,21),(1894,34,1483,25),(1895,30,1484,22),(1896,1,1485,21),(1897,5,1486,24),(1898,22,1487,28),(1899,21,1488,27),(1900,33,1489,23),(1901,12,1490,28),(1902,1,1491,25),(1903,13,1491,29),(1904,38,1493,23),(1905,18,1495,25),(1906,9,1495,29),(1907,24,1496,24),(1908,40,1496,28),(1909,12,1497,25),(1910,13,1498,19),(1911,12,1498,23),(1912,22,1498,27),(1913,20,1498,31),(1914,2,1498,35),(1915,1,1499,26),(1916,13,1499,30),(1917,12,1499,35),(1918,12,1500,22),(1919,39,1501,24),(1920,21,1502,27),(1921,3,1503,25),(1922,37,1504,18),(1923,17,1505,22),(1924,29,1506,19),(1925,36,1507,24),(1926,48,1508,24),(1927,48,1509,26),(1928,35,1510,45),(1929,8,1510,50),(1930,12,1511,24),(1931,22,1511,28),(1932,34,1512,26),(1933,38,1512,30),(1934,27,1512,34),(1935,22,1513,24),(1936,20,1514,19),(1937,2,1514,23),(1938,21,1515,28),(1939,21,1516,23),(1940,22,1517,28),(1941,20,1518,23),(1942,21,1519,23),(1943,22,1520,26),(1944,12,1521,22),(1945,22,1521,26),(1946,22,1522,24),(1947,29,1523,21),(1948,25,1524,19),(1949,5,1524,23),(1950,2,1525,23),(1951,21,1525,27),(1952,21,1526,26),(1953,22,1527,25),(1954,20,1527,29),(1955,2,1527,33),(1956,21,1527,37)
go
INSERT INTO games_competitor VALUES (1957,25,1528,17),(1958,6,1528,25),(1959,12,1529,23),(1960,30,1530,27),(1961,14,1531,30),(1962,17,1532,29),(1963,1,1534,21),(1964,13,1534,25),(1965,12,1534,29),(1966,22,1535,20),(1967,20,1535,24),(1968,35,1536,50),(1969,47,1537,19),(1970,4,1538,20),(1971,22,1539,21),(1972,20,1539,25),(1973,12,1540,27),(1974,22,1540,31),(1975,20,1540,35),(1976,2,1540,39),(1977,12,1541,17),(1978,11,1542,18),(1979,35,1543,21),(1980,29,1544,27),(1981,34,1545,19),(1982,12,1546,17),(1983,10,1547,23),(1984,33,1547,27),(1985,21,1548,22),(1986,1,1549,29),(1987,22,1550,17),(1988,21,1551,20),(1989,12,1552,23),(1990,21,1553,26),(1991,1,1554,27),(1992,13,1554,31),(1993,12,1554,35),(1994,12,1555,19),(1995,20,1556,23),(1996,37,1557,19),(1997,26,1557,23),(1998,37,1558,26),(1999,26,1558,30),(2000,12,1559,25),(2001,22,1559,29),(2002,1,1560,19),(2003,21,1561,20),(2004,12,1562,20),(2005,12,1563,20),(2006,13,1564,24),(2007,29,1565,22),(2008,12,1566,24),(2009,22,1566,28),(2010,20,1566,32),(2011,20,1567,28),(2012,37,1568,17),(2013,26,1569,25),(2014,29,1569,29),(2015,1,1569,33),(2016,37,1570,26),(2017,13,1571,29),(2018,33,1572,23),(2019,12,1573,24),(2020,26,1574,19),(2021,29,1574,23),(2022,1,1574,27),(2023,21,1575,22),(2024,38,1576,23),(2025,2,1577,20),(2026,29,1578,20),(2027,17,1579,23),(2028,41,1580,20),(2029,6,1581,24),(2030,7,1581,26),(2031,26,1582,24),(2032,29,1582,28),(2033,26,1583,43),(2034,13,1584,21),(2035,26,1585,22),(2036,23,1586,25),(2037,12,1587,23),(2038,22,1588,22),(2039,20,1588,26),(2040,20,1589,19),(2041,36,1590,29),(2042,1,1591,24),(2043,22,1592,28),(2044,27,1597,26),(2045,28,1597,30),(2046,2,1598,19),(2047,21,1599,23),(2048,2,1600,24),(2049,21,1600,28),(2050,27,1601,19),(2051,28,1601,23),(2052,36,1601,27),(2053,2,1602,24),(2054,12,1603,31),(2055,38,1604,28),(2056,35,1605,18),(2057,22,1606,25),(2058,20,1606,29),(2059,40,1607,28),(2060,29,1608,28),(2061,29,1609,29),(2062,1,1610,31),(2063,3,1611,24),(2064,25,1612,26),(2065,17,1613,33),(2066,34,1614,25),(2067,34,1615,19),(2068,22,1616,28),(2069,30,1617,23),(2070,17,1618,24),(2071,10,1618,28),(2072,8,1619,20),(2073,28,1620,19),(2074,36,1620,23),(2075,23,1621,20),(2076,24,1621,24),(2077,13,1622,30),(2078,1,1623,21),(2079,27,1624,28),(2080,24,1625,28),(2081,5,1626,27),(2082,24,1627,26),(2083,14,1628,25),(2084,25,1629,20),(2085,20,1631,25),(2086,26,1632,22),(2087,20,1633,20),(2088,2,1634,21),(2089,21,1634,25),(2090,21,1636,23),(2091,37,1637,18),(2092,29,1638,25),(2093,1,1638,29),(2094,18,1639,21),(2095,9,1639,25),(2096,19,1639,29),(2097,12,1640,19),(2098,22,1640,23),(2099,20,1640,27),(2100,2,1640,31),(2101,13,1641,20),(2102,12,1641,24),(2103,13,1642,26),(2104,13,1643,31),(2105,22,1644,25),(2106,2,1645,26),(2107,21,1645,31),(2108,38,1646,20),(2109,21,1647,21),(2110,16,1648,28),(2111,2,1649,24),(2112,21,1649,28),(2113,20,1650,21),(2114,13,1651,21),(2115,34,1652,30),(2116,38,1652,34),(2117,13,1653,33),(2118,37,1654,23),(2119,13,1655,21),(2120,12,1655,25),(2121,18,1656,16),(2122,9,1656,20),(2123,12,1657,21),(2124,22,1657,25),(2125,20,1657,29),(2126,28,1658,22),(2127,34,1659,26),(2128,37,1660,25),(2129,29,1660,33),(2130,12,1661,14),(2131,22,1661,18),(2132,20,1661,22),(2133,27,1662,25),(2134,26,1663,42),(2135,34,1664,29),(2136,38,1664,34),(2137,26,1665,23),(2138,29,1665,27),(2139,13,1666,24),(2140,22,1667,17),(2141,14,1668,19),(2142,13,1669,23),(2143,13,1670,20),(2144,40,1671,23),(2145,41,1671,27),(2146,42,1671,31),(2147,12,1672,25),(2148,22,1672,28),(2149,28,1673,22),(2150,37,1673,30),(2151,38,1674,23),(2152,11,1675,23),(2153,28,1676,24),(2154,14,1677,21),(2155,37,1678,27),(2156,27,1680,22),(2157,12,1681,27),(2158,22,1681,30),(2159,21,1682,22),(2160,2,1683,24),(2161,21,1683,28),(2162,13,1684,21),(2163,13,1685,20),(2164,29,1686,22),(2165,2,1687,23),(2166,21,1687,27),(2167,37,1688,25),(2168,20,1689,19),(2169,22,1690,22),(2170,26,1691,19),(2171,29,1691,23),(2172,21,1692,44),(2173,36,1693,28),(2174,28,1694,22),(2175,38,1695,22),(2176,28,1695,30),(2177,2,1696,24),(2178,21,1696,28),(2179,20,1697,25),(2180,21,1697,33),(2181,22,1698,19),(2182,20,1698,23),(2183,28,1699,33),(2184,12,1700,25),(2185,21,1701,30),(2186,29,1702,19),(2187,1,1702,23),(2188,29,1703,24),(2189,29,1705,18),(2190,14,1706,20),(2191,26,1707,25),(2192,13,1708,22),(2193,28,1709,28),(2194,38,1710,27),(2195,1,1711,23),(2196,13,1711,27),(2197,12,1712,22),(2198,1,1713,26),(2199,13,1714,24),(2200,38,1715,27),(2201,21,1716,30),(2202,28,1717,32),(2203,1,1718,20),(2204,1,1719,26),(2205,34,1720,26),(2206,21,1721,19),(2207,12,1722,29),(2208,22,1723,19),(2209,15,1726,26),(2210,35,1726,30),(2211,28,1727,23),(2212,22,1728,23),(2213,2,1729,21),(2214,21,1729,25),(2215,21,1730,26),(2216,20,1731,18),(2217,36,1732,29),(2218,20,1733,20),(2219,36,1734,21),(2220,37,1734,25),(2221,38,1735,23),(2222,30,1736,25),(2223,26,1738,22),(2224,29,1738,26),(2225,17,1739,24),(2226,13,1740,26),(2227,12,1740,30),(2228,12,1741,20),(2229,22,1741,24),(2230,37,1742,17),(2231,16,1743,18),(2232,22,1744,40),(2233,37,1745,17),(2234,21,1746,19),(2235,27,1747,27),(2236,36,1747,35),(2237,13,1748,24),(2238,12,1748,28),(2239,21,1749,21),(2240,28,1750,26),(2241,20,1751,29),(2242,22,1752,27),(2243,20,1753,22),(2244,26,1754,27),(2245,2,1755,27),(2246,29,1756,27),(2247,2,1757,21),(2248,36,1758,23),(2249,13,1759,24),(2250,22,1760,24),(2251,22,1762,22),(2252,21,1763,25),(2253,36,1764,26),(2254,13,1765,18),(2255,1,1766,20),(2256,1,1768,25),(2257,13,1768,29),(2258,22,1771,21),(2259,13,1772,25),(2260,21,1773,33),(2261,1,1774,22),(2262,13,1775,26),(2263,12,1775,31),(2264,22,1775,34),(2265,37,1776,18),(2266,26,1776,22),(2267,26,1778,18),(2268,26,1779,23),(2269,21,1780,18),(2270,13,1781,28),(2271,29,1783,21),(2272,1,1784,25),(2273,26,1785,18),(2274,20,1786,23),(2275,2,1786,27),(2276,21,1787,25),(2277,21,1788,28),(2278,1,1789,22),(2279,12,1790,23),(2280,1,1793,20),(2281,1,1795,23),(2282,13,1795,27),(2283,2,1797,39),(2284,2,1799,18),(2285,22,1800,34),(2286,1,1801,21),(2287,26,1802,20),(2288,36,1803,24),(2289,13,1804,20),(2290,36,1805,17),(2291,22,1806,23),(2292,2,1806,31),(2293,21,1807,22),(2294,1,1808,19),(2295,13,1809,25),(2296,12,1809,29),(2297,22,1809,33),(2298,20,1809,37),(2299,2,1809,41),(2300,21,1809,45),(2301,21,1810,21),(2302,36,1811,22),(2303,37,1812,15),(2304,26,1812,19),(2305,29,1812,24),(2306,26,1813,27),(2307,20,1814,36),(2308,29,1815,15),(2309,12,1815,27),(2310,29,1816,17),(2311,22,1817,22)

--2311
------------------------------------------------
CREATE TABLE medal (
  id int NOT NULL,
  medal_name varchar(50) DEFAULT NULL,
  PRIMARY KEY (id)
)

INSERT INTO medal VALUES (1,'Gold'),(2,'Silver'),(3,'Bronze'),(4,'NA');
------------------------------------------------

CREATE TABLE competitor_event (
  event_id int DEFAULT NULL,
  competitor_id int DEFAULT NULL,
  medal_id int DEFAULT NULL,
  CONSTRAINT fk_ce_com FOREIGN KEY (competitor_id) REFERENCES games_competitor (id),
  CONSTRAINT fk_ce_ev FOREIGN KEY (event_id) REFERENCES event (id),
  CONSTRAINT fk_ce_med FOREIGN KEY (medal_id) REFERENCES medal (id)
)
go
insert into competitor_event VALUES (1,1,4),(2,2,4),(3,3,4),(4,4,1),(5,5,4),(6,5,4),(5,6,4),(6,6,4),(5,7,4),(6,7,4),(7,8,4),(8,8,4),(9,8,4),(10,8,4),(7,9,4),(11,9,4),(9,9,4),(10,9,4),(7,10,4),(8,10,4),(9,10,4),(10,10,4),(7,11,4),(11,11,4),(9,11,4),(10,11,4),(12,12,4),(13,12,4),(14,13,4),(15,14,4),(11,15,4),(16,16,4),(17,17,4),(17,18,4),(18,19,4),(19,20,4),(20,20,4),(19,21,3),(20,21,3),(19,22,4),(14,23,3),(21,24,3),(22,24,1),(23,24,4),(24,24,1),(25,24,4),(26,24,4),(27,24,4),(28,24,1),(21,25,4),(22,25,3),(23,25,4),(24,25,4),(25,25,4),(26,25,4),(27,25,4),(28,25,4),(29,26,4),(30,27,4),(31,28,4),(32,28,1),(33,28,3),(34,28,4),(31,29,2),(32,29,3),(33,29,4),(34,29,4),(35,29,2),(31,30,4),(32,30,4),(33,30,4),(35,30,4),(31,31,4),(32,31,1),(33,31,4),(34,31,4),(35,31,1),(31,32,4),(32,32,1),(36,33,1),(37,34,4),(38,35,4),(38,36,4),(39,37,4),(40,37,4),(40,38,4),(41,39,2),(42,40,4),(43,41,4),(44,42,4),(44,43,4),(45,44,3),(46,45,2),(46,46,4),(47,47,4),(48,48,4),(49,49,4),(49,50,4),(50,51,4),(51,52,4),(52,53,4),(53,53,4),(54,53,4),(52,54,4),(53,54,4),(55,55,3),(41,56,2),(56,57,4),(57,57,4),(58,57,4),(40,58,3),(40,59,4),(59,59,4),(40,60,1),(59,60,4),(60,60,4),(3,61,4),(61,62,1),(62,63,4),(11,64,4),(8,64,4),(63,65,4),(8,65,4),(10,65,4),(64,66,4),(65,67,4),(65,68,4),(66,69,4),(66,70,4),(66,71,4),(67,72,4),(68,72,4),(68,73,4),(68,74,4),(69,75,4),(70,76,4),(70,77,4),(71,78,4),(71,79,4),(21,80,4),(23,80,4),(25,80,4),(26,80,4),(27,80,4),(28,80,4),(47,81,4),(72,82,4),(73,83,4),(74,84,4),(75,84,1),(69,85,4),(76,86,4),(77,87,4),(77,88,4),(3,89,4),(78,90,3),(57,91,3),(79,92,4),(80,93,3),(70,94,2),(70,95,4),(52,96,4),(54,96,4),(81,97,4),(82,98,4),(83,99,4),(84,99,4),(85,100,4),(85,101,1),(86,102,1),(86,103,1),(86,104,2),(87,105,4),(57,106,4),(3,107,1),(88,108,4),(89,109,4),(90,110,4),(43,111,1),(3,112,4),(91,113,4),(92,114,4),(93,115,2),(94,116,4),(94,117,1),(94,118,4),(50,119,4),(50,120,3),(38,121,4),(95,122,4),(96,123,4),(97,124,2),(98,124,4),(99,125,4),(3,126,4),(86,127,4),(86,128,1),(100,129,4),(101,130,4),(102,131,4),(48,132,4),(56,133,4),(103,133,4),(104,133,4),(104,134,2),(105,135,4),(106,135,3),(107,136,4),(108,137,3),(102,138,4),(109,139,4),(88,140,4),(110,141,1),(111,142,1),(110,143,1),(112,144,1),(112,145,1),(112,146,2),(96,147,4),(112,148,4),(112,149,1),(112,150,1),(112,151,2),(113,152,4),(67,152,4),(113,153,4),(114,154,4),(115,155,4),(76,156,4),(3,157,4),(68,158,4),(113,159,4),(116,160,4),(116,161,4),(114,162,4),(117,162,4),(74,163,4),(82,164,4),(105,165,4),(33,166,4),(77,167,4),(118,168,4),(118,169,4),(118,170,4),(1,171,4),(118,172,4),(119,173,4),(118,174,4),(118,175,4),(118,176,4),(120,177,4),(102,178,4),(121,179,4),(122,180,4),(123,181,4),(3,182,4),(36,183,4),(1,184,4),(124,185,4),(124,186,4),(125,187,4),(44,188,4),(44,189,4),(126,190,4),(127,190,4),(73,191,4),(118,192,3),(118,193,4),(124,194,4),(124,195,4),(128,195,3),(84,196,4),(44,197,4),(129,198,4),(130,199,4),(131,200,1),(131,201,4),(44,202,4),(132,203,2),(133,204,4),(38,205,4),(38,206,4),(134,207,4),(135,208,4),(86,209,4),(86,210,4),(136,211,4),(137,212,4),(138,212,4),(138,213,4),(73,214,4),(135,215,4),(86,216,4),(86,217,4),(56,218,4),(139,219,2),(140,220,4),(141,221,4),(102,222,4),(142,223,4),(143,224,4),(135,225,4),(144,226,4),(3,227,4),(140,228,4),(74,229,4),(90,230,4),(107,231,4),(137,232,4),(137,233,4),(137,234,4),(118,235,4),(43,236,4),(56,237,4),(103,237,4),(58,237,4),(103,238,4),(58,238,4),(145,239,4),(135,240,4),(3,241,4),(1,242,4),(43,243,4),(105,243,4),(146,243,4),(43,244,4),(105,244,4),(43,245,4),(147,246,4),(147,247,4),(86,248,4),(148,249,4),(86,250,4),(1,251,4),(1,252,4),(86,253,4),(43,254,4),(1,255,4),(1,256,4),(135,257,4),(135,258,4),(114,259,4),(96,260,4),(43,261,4),(43,262,4),(149,263,4),(57,264,4),(58,264,4),(57,265,4),(58,265,4),(149,265,4),(104,265,4),(109,266,4),(135,267,4),(103,268,4),(56,269,4),(103,269,4),(150,270,4),(151,271,4),(152,272,4),(151,272,4),(3,273,4),(58,274,4),(153,275,4),(154,276,4),(155,277,4),(96,278,4),(86,279,4),(154,280,4),(21,281,4),(22,281,4),(23,281,4),(24,281,4),(25,281,4),(26,281,4),(27,281,4),(28,281,4),(156,282,4),(156,283,4),(156,284,4),(135,285,4),(107,286,4),(79,287,4),(152,288,4),(77,289,4),(77,290,4),(138,291,4),(50,292,4),(3,293,4),(147,294,4),(157,295,4),(73,296,4),(144,297,4),(144,298,4),(3,299,4),(138,300,4),(148,301,4),(2,302,4),(158,303,4),(21,304,4),(24,304,4),(25,304,4),(27,304,4),(28,304,4),(86,305,4),(135,306,4),(73,307,4),(117,308,4),(117,309,4),(159,310,4),(159,311,4),(160,312,4),(161,313,3),(73,314,4),(162,314,4),(163,315,4),(163,316,4),(163,317,4),(163,318,4),(162,319,4),(140,320,4),(56,321,4),(103,321,4),(56,322,4),(103,322,4),(57,322,4),(58,322,4),(103,323,4),(162,324,4),(162,325,4),(162,326,4),(140,327,4),(160,328,4),(164,329,4),(164,330,4),(121,331,4),(165,332,4),(166,332,4),(167,332,3),(3,333,4),(107,334,4),(114,335,4),(168,336,4),(3,337,4),(108,338,4),(108,339,4),(169,339,4),(108,340,4),(169,340,4),(170,341,4),(159,342,4),(1,343,4),(171,344,4),(107,345,4),(172,346,4),(141,347,4),(3,348,4),(118,349,4),(118,350,4),(173,351,4),(174,351,4),(173,352,4),(118,353,4),(175,354,4),(175,355,4),(121,356,4),(125,357,4),(125,358,4),(3,359,4),(3,360,4),(170,361,4),(67,361,4),(107,362,4),(141,363,4),(140,364,4),(176,365,4),(3,366,4),(43,367,4),(177,368,4),(74,369,4),(113,370,4),(118,371,1),(118,372,2),(12,373,4),(12,374,4),(82,375,4),(82,376,4),(3,377,4),(144,378,4),(117,379,4),(15,380,4),(52,380,4),(118,381,4),(178,382,4),(3,383,4),(3,384,4),(102,385,4),(67,385,4),(102,386,4),(67,386,4),(179,387,4),(180,388,4),(93,389,1),(105,390,4),(181,390,4),(182,390,4),(106,390,4),(54,390,4),(109,391,4),(118,392,4),(118,393,4),(162,394,4),(53,395,4),(111,396,4),(157,397,4),(118,398,4),(3,399,4),(3,400,4),(183,401,4),(184,401,4),(54,401,4),(184,402,4),(185,403,4),(185,404,4),(186,405,4),(187,406,4),(188,407,4),(93,408,4),(107,409,4),(69,410,1),(150,411,4),(150,412,4),(189,413,2),(188,414,1),(93,415,4),(190,416,4),(161,417,4),(105,418,4),(191,419,4),(192,420,4),(3,421,4),(3,422,4),(138,423,4),(137,424,4),(138,424,4),(193,425,4),(99,426,4),(99,427,4),(88,428,4),(116,429,4),(76,430,4),(1,431,1),(88,432,4),(194,433,4),(195,434,4),(164,435,4),(196,436,4),(107,437,4),(164,438,4),(168,439,2),(168,440,4),(115,441,1),(115,442,4),(74,443,4),(74,444,4),(171,445,4),(115,446,4),(197,447,4),(51,447,4),(197,448,4),(51,448,4),(198,449,4),(56,450,4),(93,451,4),(199,452,4),(200,452,4),(200,453,4),(199,454,1),(200,454,4),(67,455,4),(68,455,4),(112,456,4),(1,457,4),(1,458,4),(201,459,4),(201,460,4),(188,461,4),(202,462,4),(96,463,4),(96,464,4),(118,465,4),(130,466,4),(74,467,4),(3,468,4),(73,469,4),(162,469,3),(74,470,4),(203,470,4),(204,471,4),(133,472,4),(149,473,4),(149,474,4),(3,475,4),(3,476,2),(3,477,4),(135,478,4),(135,479,4),(205,480,4),(3,481,4),(206,482,4),(207,482,4),(138,483,4),(14,484,2),(14,485,1),(200,486,4),(200,487,4),(208,488,4),(209,488,2),(210,488,4),(211,488,4),(212,488,4),(213,488,4),(214,489,4),(214,490,4),(215,490,3),(214,491,4),(215,491,4),(208,492,4),(209,492,4),(210,492,4),(212,492,4),(213,492,4),(216,493,4),(101,494,4),(64,495,4),(65,496,4),(64,496,4),(64,497,4),(177,498,4),(64,498,4),(217,499,2),(218,500,4),(3,501,1),(219,502,4),(219,503,4),(208,504,4),(210,504,4),(211,504,4),(212,504,4),(213,504,4),(96,505,1),(96,506,1),(3,507,4),(43,508,4),(220,509,4),(221,509,4),(222,509,4),(140,510,4),(43,511,4),(13,512,4),(140,513,1),(140,514,4),(202,515,4),(96,516,4),(202,517,4),(115,518,4),(223,519,4),(68,520,3),(224,520,2),(176,521,4),(225,522,4),(226,523,4),(50,524,4),(3,525,4),(42,526,4),(42,527,4),(42,528,4),(42,529,4),(42,530,4),(201,531,1),(227,532,3),(165,532,4),(86,533,4),(119,534,4),(170,535,4),(228,536,4),(190,536,4),(190,537,2),(216,537,4),(229,538,4),(230,538,4),(105,539,4),(204,540,4),(231,541,4),(232,542,4),(232,543,4),(233,543,4),(16,544,4),(16,545,4),(16,546,4),(234,547,4),(143,548,4),(3,549,4),(3,550,4),(117,551,4),(50,551,4),(235,552,4),(141,553,4),(236,554,4),(237,555,4),(164,556,4),(164,557,1),(55,558,4),(55,559,4),(13,560,4),(238,561,4),(171,562,4),(171,563,4),(239,564,4),(216,565,4),(154,566,4),(123,567,4),(240,568,4),(240,569,4),(240,570,4),(43,571,4),(43,572,4),(141,573,1),(22,574,4),(23,574,3),(24,574,2),(25,574,4),(26,574,4),(27,574,4),(22,575,2),(23,575,4),(24,575,2),(27,575,3),(241,576,4),(159,577,4),(3,578,4),(242,579,4),(15,580,4),(182,580,2),(106,580,3),(54,580,4),(117,581,4),(50,581,4),(243,582,4),(244,583,4),(243,583,4),(119,583,4),(67,584,4),(121,585,4),(182,585,3),(245,586,4),(246,586,4),(247,586,4),(113,587,4),(141,587,4),(135,588,4),(74,589,4),(248,589,4),(249,589,4),(250,589,4),(74,590,4),(250,590,4),(251,591,4),(135,592,4),(135,593,4),(135,594,4),(43,595,4),(86,596,4),(1,597,4),(118,598,4),(252,599,4),(135,600,4),(3,601,4),(113,602,4),(1,603,4),(1,604,4),(135,605,4),(135,606,4),(3,607,4),(149,608,4),(104,608,4),(149,609,4),(104,609,4),(96,610,4),(96,611,4),(154,612,4),(3,613,4),(224,614,4),(224,615,4),(171,616,4),(224,617,4),(109,618,4),(73,619,4),(86,620,4),(56,621,2),(103,621,4),(56,622,4),(103,622,4),(3,623,4),(82,624,4),(79,625,4),(33,626,4),(34,626,4),(3,627,4),(3,628,4),(99,629,4),(36,630,4),(219,631,4),(21,632,4),(22,632,4),(23,632,4),(24,632,4),(25,632,4),(26,632,4),(27,632,4),(28,632,4),(231,633,3),(85,633,1),(85,634,2),(146,635,4),(54,635,4),(146,636,4),(52,636,4),(54,636,3),(253,637,4),(140,638,4),(254,639,4),(242,639,4),(254,640,4),(242,640,4),(254,641,4),(242,642,4),(255,643,4),(161,644,4),(38,645,2),(38,646,4),(74,647,4),(118,648,4),(102,649,4),(170,649,4),(102,650,4),(170,650,4),(102,651,4),(170,651,4),(67,651,4),(68,651,4),(102,652,1),(170,652,4),(67,652,2),(102,653,4),(68,653,4),(68,654,4),(41,655,1),(200,656,4),(14,657,4),(14,658,4),(76,659,4),(86,660,4),(86,661,4),(14,662,4),(68,663,3),(56,664,4),(57,664,4),(58,664,4),(57,665,4),(58,665,4),(14,666,2),(14,667,4),(86,668,4),(33,669,4),(34,669,4),(33,670,4),(34,670,4),(33,671,4),(34,671,4),(95,672,4),(240,673,4),(240,674,4),(240,675,4),(220,676,4)
go
insert into competitor_event VALUES (256,676,4),(221,676,4),(222,676,4),(220,677,4),(257,677,4),(256,677,4),(221,677,4),(222,677,4),(3,678,4),(258,679,4),(259,680,4),(34,681,4),(34,682,4),(187,683,4),(260,684,4),(261,684,4),(140,685,4),(135,686,3),(14,687,4),(73,688,4),(176,689,4),(227,689,4),(159,690,2),(6,691,4),(262,691,4),(263,691,3),(262,692,4),(264,693,4),(63,693,4),(197,694,4),(51,694,4),(265,695,4),(248,696,4),(118,697,4),(118,698,4),(29,699,4),(117,700,4),(141,700,4),(117,701,4),(117,702,4),(170,703,4),(170,704,4),(67,705,4),(53,706,4),(266,707,4),(3,708,4),(199,709,4),(200,709,4),(39,710,4),(267,710,4),(39,711,4),(267,711,4),(39,712,4),(267,712,4),(268,713,4),(189,714,4),(88,715,4),(21,716,4),(23,716,4),(24,716,4),(25,716,4),(26,716,4),(27,716,4),(28,716,4),(19,717,4),(53,717,4),(184,717,4),(269,718,4),(43,719,4),(1,720,4),(74,721,4),(15,722,4),(106,722,4),(105,723,4),(181,723,4),(146,723,4),(148,724,4),(101,725,4),(101,726,4),(270,727,4),(1,728,3),(158,729,4),(271,729,4),(121,730,4),(272,731,4),(81,732,4),(81,733,3),(208,734,4),(209,734,4),(273,734,4),(210,734,4),(211,734,4),(212,734,4),(213,734,4),(198,735,1),(274,736,1),(274,737,1),(274,738,4),(274,739,4),(140,740,4),(163,741,4),(14,742,4),(275,743,4),(242,743,4),(124,744,4),(133,745,4),(102,746,4),(3,747,4),(57,748,4),(58,748,4),(140,749,4),(140,750,4),(118,751,4),(118,752,4),(162,753,4),(89,754,4),(183,755,4),(146,756,4),(171,757,4),(114,758,4),(114,759,4),(254,760,4),(88,761,4),(116,762,4),(265,763,4),(242,763,4),(48,764,4),(48,765,4),(48,766,4),(147,767,4),(194,768,1),(12,769,4),(208,770,4),(209,770,4),(210,770,4),(211,770,4),(212,770,4),(213,770,4),(208,771,4),(209,771,3),(210,771,4),(211,771,4),(212,771,4),(213,771,4),(102,772,4),(194,773,4),(12,774,4),(3,775,4),(276,776,4),(82,776,4),(140,777,4),(2,778,4),(57,779,4),(58,779,4),(57,780,4),(58,780,3),(93,781,1),(171,782,4),(171,783,4),(15,784,4),(57,785,4),(272,786,4),(272,787,4),(114,788,4),(141,788,4),(114,789,4),(113,789,4),(84,790,4),(84,791,4),(208,792,4),(209,792,3),(210,792,4),(213,792,4),(115,793,4),(115,794,4),(86,795,1),(253,796,4),(96,797,4),(96,798,4),(119,799,4),(119,800,4),(34,801,4),(35,801,3),(31,802,4),(32,802,4),(33,802,4),(34,802,4),(35,802,4),(32,803,4),(33,803,4),(34,803,4),(35,803,4),(32,804,4),(33,804,4),(34,804,4),(35,804,4),(32,805,4),(35,805,4),(22,806,4),(56,807,4),(57,807,4),(110,808,4),(141,809,4),(3,810,2),(258,811,4),(73,812,4),(104,813,4),(99,814,4),(12,815,4),(172,815,4),(3,816,4),(109,817,3),(76,818,4),(74,819,4),(203,819,4),(170,820,4),(114,821,4),(146,822,4),(54,822,4),(170,823,4),(237,824,4),(237,825,4),(277,826,2),(278,827,4),(104,828,4),(104,829,4),(74,830,4),(194,831,4),(3,832,4),(137,833,4),(1,834,4),(205,835,4),(279,836,4),(279,837,4),(279,838,4),(1,839,4),(51,840,4),(194,841,4),(3,842,4),(13,843,4),(3,844,3),(203,845,2),(33,846,4),(34,846,4),(140,847,4),(90,848,3),(171,849,4),(171,850,3),(90,851,4),(224,852,4),(224,853,4),(280,854,4),(177,855,4),(64,855,4),(31,856,4),(35,856,4),(245,857,4),(245,858,4),(281,858,3),(228,859,4),(50,860,4),(50,861,4),(81,862,4),(81,863,4),(29,864,4),(29,865,4),(159,866,4),(86,867,4),(38,868,4),(38,869,4),(282,870,4),(57,871,4),(58,871,4),(57,872,4),(58,872,4),(241,873,3),(283,874,2),(265,875,4),(254,875,4),(158,876,4),(107,877,4),(172,878,4),(13,878,4),(91,879,4),(284,880,1),(118,881,1),(93,882,1),(164,883,4),(68,884,4),(199,885,4),(200,885,4),(199,886,2),(200,886,4),(285,886,2),(199,887,2),(200,887,4),(285,887,4),(286,888,4),(287,889,4),(287,889,4),(197,890,4),(197,891,1),(51,891,3),(197,892,1),(51,892,2),(197,893,2),(197,894,4),(51,895,4),(67,896,4),(82,897,4),(82,898,4),(265,899,4),(242,899,4),(3,900,4),(65,901,4),(288,902,4),(203,903,4),(126,904,4),(127,904,4),(126,905,4),(127,905,4),(140,906,4),(116,907,4),(3,908,1),(117,909,4),(146,910,4),(289,910,4),(290,911,4),(290,912,4),(181,913,4),(15,913,4),(291,913,4),(292,914,4),(102,915,4),(67,915,4),(187,916,3),(3,917,4),(159,918,4),(159,919,4),(1,920,4),(1,921,3),(102,922,4)
go
insert into competitor_event VALUES (67,922,4),(3,923,4),(3,924,4),(3,925,4),(3,926,4),(3,927,4),(293,928,4),(227,928,4),(294,929,4),(295,929,4),(296,930,4),(297,930,4),(14,931,4),(243,932,4),(119,932,4),(298,932,4),(119,933,4),(299,934,4),(299,935,4),(299,936,4),(299,937,4),(299,938,4),(181,939,4),(182,940,4),(204,941,4),(1,942,4),(2,943,4),(1,944,4),(88,945,4),(3,946,4),(107,947,3),(300,948,4),(300,949,4),(47,950,4),(272,951,4),(301,952,4),(43,953,4),(93,954,4),(138,955,4),(302,956,4),(249,957,4),(288,957,4),(303,958,4),(303,959,4),(86,960,4),(121,961,4),(153,962,4),(105,963,4),(96,964,1),(67,965,4),(102,966,4),(181,967,4),(15,967,4),(183,967,4),(108,968,4),(169,968,2),(58,969,4),(114,970,4),(304,971,4),(102,972,4),(170,972,4),(67,972,4),(197,973,4),(95,974,4),(95,975,4),(305,976,1),(108,977,4),(169,977,4),(108,978,4),(169,978,4),(22,979,4),(41,979,4),(103,980,3),(306,981,4),(288,982,1),(43,983,4),(151,984,4),(152,985,4),(151,985,4),(152,986,4),(151,986,4),(82,987,4),(140,988,4),(38,989,4),(168,989,4),(47,990,4),(44,991,4),(3,992,2),(307,993,4),(307,994,4),(68,995,4),(219,995,4),(92,996,4),(92,997,4),(181,998,4),(15,998,4),(106,998,4),(214,999,4),(143,999,4),(64,1000,4),(18,1001,4),(308,1001,4),(309,1001,4),(18,1002,4),(308,1002,4),(310,1002,4),(18,1003,4),(308,1003,4),(310,1003,4),(146,1004,4),(289,1004,4),(14,1005,4),(14,1006,4),(14,1007,4),(311,1008,4),(89,1009,4),(36,1010,4),(114,1011,4),(141,1011,4),(57,1012,4),(176,1013,4),(21,1014,4),(22,1014,4),(23,1014,4),(24,1014,4),(25,1014,4),(26,1014,4),(27,1014,4),(28,1014,4),(21,1015,4),(22,1015,4),(23,1015,4),(24,1015,4),(25,1015,4),(26,1015,4),(27,1015,4),(28,1015,4),(312,1016,4),(14,1017,4),(313,1018,4),(314,1018,4),(102,1019,4),(170,1019,4),(67,1019,4),(102,1020,4),(170,1020,4),(67,1020,4),(143,1021,4),(315,1022,4),(316,1023,2),(317,1023,3),(219,1024,4),(318,1025,4),(266,1026,4),(313,1027,4),(313,1028,4),(91,1029,4),(319,1030,4),(320,1030,4),(321,1030,4),(322,1030,4),(323,1030,2),(67,1031,4),(102,1032,4),(57,1033,4),(58,1033,4),(324,1034,4),(325,1034,4),(326,1034,4),(327,1034,1),(328,1035,4),(329,1036,4),(133,1037,4),(330,1037,4),(77,1038,4),(224,1039,4),(140,1040,4),(318,1041,4),(318,1042,4),(331,1042,4),(331,1043,4),(214,1044,4),(143,1044,4),(224,1045,4),(332,1046,4),(133,1047,4),(333,1048,4),(89,1049,2),(79,1050,2),(79,1051,4),(334,1052,4),(335,1053,1),(335,1054,1),(336,1055,4),(175,1056,4),(151,1057,4),(152,1058,4),(151,1058,4),(152,1059,4),(151,1059,4),(152,1060,4),(151,1060,4),(316,1061,4),(317,1061,4),(224,1061,4),(193,1061,4),(337,1061,4),(48,1062,4),(316,1062,1),(317,1062,2),(224,1062,4),(159,1063,3),(102,1064,4),(170,1064,4),(67,1064,4),(153,1065,4),(338,1066,3),(117,1067,4),(117,1068,4),(287,1069,4),(201,1070,4),(299,1071,4),(95,1072,4),(95,1073,1),(95,1074,1),(95,1075,2),(111,1076,4),(118,1077,4),(153,1078,4),(96,1079,1),(112,1080,1),(90,1081,2),(118,1082,4),(74,1083,4),(203,1083,4),(140,1084,4),(140,1085,4),(339,1086,4),(74,1087,4),(203,1087,4),(96,1088,4),(334,1089,4),(79,1090,4),(158,1091,4),(162,1092,4),(275,1093,4),(73,1094,4),(73,1095,4),(340,1096,4),(117,1097,4),(50,1097,4),(149,1098,4),(104,1098,4),(341,1099,4),(341,1100,4),(166,1101,4),(341,1102,4),(140,1103,4),(79,1104,4),(146,1105,4),(52,1105,4),(342,1106,4),(342,1107,4),(342,1108,4),(342,1109,4),(342,1110,4),(126,1111,4),(127,1111,4),(343,1112,4),(162,1113,4),(259,1114,4),(88,1115,4),(3,1116,4),(3,1117,3),(3,1118,4),(3,1119,4),(3,1120,4),(203,1121,4),(67,1122,4),(141,1123,4),(114,1124,4),(141,1124,4),(170,1125,4),(67,1125,4),(170,1126,4),(67,1126,4),(219,1127,4),(219,1128,4),(265,1129,4),(242,1129,4),(13,1130,4),(265,1131,4),(344,1132,4),(288,1133,4),(39,1134,4),(267,1134,4),(40,1134,4),(39,1135,4),(267,1135,4),(40,1135,4),(39,1136,4),(267,1136,4),(40,1136,4),(39,1137,4),(267,1137,4),(40,1137,4),(262,1138,4),(157,1139,4),(48,1140,4),(68,1140,4),(3,1141,2),(67,1142,4),(99,1143,4),(109,1144,4),(265,1145,4),(345,1146,4),(345,1147,4),(346,1148,4),(347,1149,4),(348,1149,4),(349,1149,4),(314,1149,4),(349,1150,4),(314,1150,4),(245,1151,4),(246,1151,4),(196,1152,4),(282,1152,4),(100,1153,4),(3,1154,2),(113,1155,4),(113,1156,4),(350,1157,4),(351,1158,4),(137,1159,4),(352,1160,4),(353,1160,4),(118,1161,4),(118,1162,4),(73,1163,4),(73,1164,4),(354,1165,4),(78,1166,4),(3,1167,2),(3,1168,2),(50,1169,4),(117,1170,4),(50,1171,4),(140,1172,4),(117,1173,4),(50,1173,4),(50,1174,4),(102,1175,4),(170,1175,4),(67,1175,4),(102,1176,4),(170,1176,4),(67,1176,2),(102,1177,4),(355,1178,4),(159,1179,1),(159,1180,4),(73,1181,4),(73,1182,4),(163,1182,4),(172,1183,4),(104,1184,4),(216,1185,4),(216,1186,4),(101,1187,4),(276,1188,4),(101,1189,4),(3,1190,4),(3,1191,4),(356,1192,4),(3,1193,4),(67,1194,4),(102,1195,4),(170,1195,4),(67,1195,4),(33,1196,4),(34,1196,4),(33,1197,4),(76,1198,4),(3,1199,4),(118,1200,4),(336,1201,4),(160,1202,4),(357,1203,4),(77,1204,4),(140,1205,4),(140,1206,4),(1,1207,4),(1,1208,4),(1,1209,4),(102,1210,4),(170,1210,4),(67,1210,4),(334,1211,4),(12,1212,4),(254,1213,4),(145,1214,4),(145,1215,4),(358,1216,3),(358,1217,1),(358,1218,4),(359,1219,4),(19,1220,4),(105,1221,4),(106,1221,4),(19,1221,4),(197,1222,2),(51,1222,4),(3,1223,3),(334,1224,4),(166,1225,4),(48,1226,4),(69,1227,1),(113,1228,1),(118,1229,2),(94,1230,4),(94,1231,4),(94,1232,4),(44,1233,2),(44,1234,4),(44,1235,4),(74,1236,4),(203,1236,2),(293,1237,4),(227,1237,3),(360,1238,4),(343,1239,4),(208,1240,4),(209,1240,4),(210,1240,4),(211,1240,4),(212,1240,4),(213,1240,4),(108,1241,4),(169,1241,4),(61,1242,4),(361,1243,4),(362,1243,3),(294,1244,4),(296,1244,4),(297,1244,1),(363,1245,3),(208,1246,4),(210,1246,4),(212,1246,4),(213,1246,4),(82,1247,4),(82,1248,1),(364,1248,1),(82,1249,2),(364,1249,4),(82,1250,4),(364,1250,4),(360,1251,4),(360,1252,4),(365,1253,4),(366,1253,4),(348,1254,1),(367,1254,1),(348,1255,3),(367,1255,3),(368,1256,4),(368,1257,4),(1,1258,4),(166,1259,4),(74,1260,4),(342,1261,4),(342,1262,4),(334,1263,4),(114,1264,4),(67,1264,4),(102,1265,4),(200,1266,4),(369,1267,4),(243,1267,4),(14,1268,4),(48,1269,4),(79,1270,4),(79,1271,4),(220,1272,4),(221,1272,4),(222,1272,4),(220,1273,4),(221,1273,4),(222,1273,4),(221,1274,4),(222,1274,4),(1,1275,3),(278,1276,4),(141,1277,4),(208,1278,4),(210,1278,4),(211,1278,4),(212,1278,4),(213,1278,4),(208,1279,4),(210,1279,4),(211,1279,4),(212,1279,4),(213,1279,4),(110,1280,4),(201,1281,4),(74,1282,4),(75,1282,4),(86,1283,4),(1,1284,4),(105,1285,4),(204,1286,4),(1,1287,4),(1,1288,4),(90,1289,4),(68,1290,4),(370,1291,4),(371,1291,4),(372,1291,4),(373,1291,4),(374,1291,4),(375,1291,4),(376,1292,4),(377,1292,4),(64,1292,4),(182,1293,1),(105,1294,1),(182,1294,2),(54,1294,1),(121,1295,3),(105,1295,3),(182,1295,1),(54,1295,1),(130,1296,4),(230,1297,4),(229,1298,4),(230,1298,4),(81,1299,4),(81,1300,2),(81,1301,3),(125,1302,4),(366,1303,4),(201,1304,4),(201,1305,4),(201,1306,4),(81,1307,3),(81,1308,4),(81,1309,4),(81,1310,4),(81,1311,4),(95,1312,4),(95,1313,4),(226,1313,4),(226,1314,4),(85,1315,2),(34,1316,4),(311,1317,4),(3,1318,4),(378,1319,4),(12,1320,4),(13,1320,4),(161,1321,4),(106,1322,4),(53,1322,4),(181,1323,4),(53,1323,4),(145,1324,4),(302,1325,4),(334,1326,4),(36,1327,4),(148,1328,4),(160,1329,4),(86,1330,4),(218,1331,4),(51,1332,4),(331,1333,4),(172,1334,4),(14,1335,4),(14,1336,4),(51,1337,4),(96,1338,2),(108,1339,4),(329,1340,4),(102,1341,4),(170,1341,4),(74,1342,4),(12,1343,4),(13,1343,4),(121,1344,4),(182,1344,4),(121,1345,4),(182,1345,4),(34,1346,4),(74,1347,4),(75,1347,4),(249,1347,4),(379,1348,4),(74,1349,4),(380,1350,4),(381,1351,4),(382,1352,4),(137,1352,4),(138,1353,4),(383,1354,4),(384,1354,4),(186,1355,4),(91,1355,4),(14,1356,4),(14,1357,4),(77,1358,4),(76,1359,4),(77,1360,4),(361,1361,4),(48,1362,4),(1,1363,4),(279,1364,4),(219,1365,4),(44,1366,4),(208,1367,4),(209,1367,4),(210,1367,4),(212,1367,4),(213,1367,4),(209,1368,2),(210,1368,4),(213,1368,4),(254,1369,4),(74,1370,4),(303,1371,4),(303,1372,4),(171,1373,4),(118,1374,4),(300,1375,4),(385,1375,4),(200,1375,4),(3,1376,4),(86,1377,4),(164,1378,4),(243,1379,4),(119,1379,4),(135,1380,4),(139,1381,4),(14,1382,3),(14,1383,4),(14,1384,4),(195,1385,4),(165,1386,4),(265,1387,4),(242,1387,2),(265,1388,4),(242,1388,4),(73,1389,4),(143,1390,4),(3,1391,4),(49,1392,4),(383,1393,4),(255,1394,3),(354,1395,3),(12,1396,4),(172,1396,4),(43,1397,4),(43,1398,4),(43,1399,4),(43,1400,4),(43,1401,4),(43,1402,4),(43,1403,4),(43,1404,4),(43,1405,4),(250,1406,4),(288,1406,4),(69,1407,4),(251,1408,4),(102,1409,4),(170,1409,4),(141,1409,4),(118,1410,2),(311,1411,4),(31,1412,4),(33,1412,4),(34,1412,4),(354,1413,3),(386,1414,4),(208,1415,4),(209,1415,1),(210,1415,4),(211,1415,3),(212,1415,4),(213,1415,4),(106,1416,4),(105,1417,4),(105,1418,4),(387,1419,4),(176,1420,4),(3,1421,4),(153,1422,3),(110,1423,2),(153,1424,4),(96,1425,4),(239,1426,4),(174,1427,4),(173,1428,4),(174,1428,4),(331,1429,4),(331,1430,4),(176,1431,4),(197,1432,4),(51,1432,4),(50,1433,4),(1,1434,4),(186,1435,1),(91,1435,4),(224,1436,4),(65,1437,4),(57,1437,4),(65,1438,4),(71,1439,4),(252,1440,4),(14,1441,4),(14,1442,4),(113,1443,4),(171,1444,4),(224,1445,4),(218,1446,2),(86,1447,4),(86,1448,4),(179,1449,4),(279,1450,4),(48,1451,4),(151,1452,4),(388,1453,4),(140,1454,4),(8,1455,4),(311,1456,4),(186,1457,4),(186,1458,4),(107,1459,4),(342,1460,4),(312,1460,4),(312,1461,4),(274,1462,4)
go
insert into competitor_event VALUES (333,1463,3),(389,1464,4),(389,1465,4),(43,1466,3),(43,1467,2),(43,1468,3),(118,1469,4),(118,1470,4),(173,1471,4),(221,1472,4),(115,1473,4),(73,1474,4),(3,1475,4),(153,1476,4),(152,1477,4),(151,1477,4),(181,1478,4),(291,1478,4),(146,1479,4),(289,1479,4),(289,1480,4),(168,1481,4),(3,1482,4),(204,1483,4),(171,1484,4),(90,1485,4),(224,1486,4),(3,1487,4),(236,1488,4),(236,1489,4),(365,1490,4),(133,1491,4),(133,1492,4),(133,1493,4),(15,1494,4),(45,1495,4),(45,1496,1),(45,1497,1),(69,1498,4),(14,1499,4),(369,1500,4),(243,1500,4),(119,1500,4),(369,1501,4),(243,1501,4),(119,1501,4),(105,1502,4),(181,1502,1),(182,1502,1),(106,1502,2),(54,1502,4),(181,1503,4),(15,1504,4),(291,1504,4),(15,1505,4),(291,1505,4),(106,1505,4),(85,1506,4),(22,1507,4),(164,1508,4),(3,1509,4),(1,1510,4),(140,1511,4),(302,1512,1),(302,1513,1),(302,1514,1),(102,1515,4),(67,1515,4),(67,1516,4),(390,1517,4),(56,1518,4),(102,1519,4),(170,1519,4),(3,1520,4),(204,1521,4),(387,1522,2),(387,1523,4),(177,1524,4),(64,1524,4),(391,1525,4),(312,1526,1),(58,1527,1),(57,1528,3),(58,1528,2),(57,1529,4),(58,1529,2),(197,1530,4),(51,1530,4),(1,1531,4),(3,1532,4),(392,1533,4),(86,1534,4),(196,1535,4),(393,1536,4),(394,1536,4),(107,1537,3),(36,1538,4),(149,1539,4),(149,1540,4),(149,1541,4),(149,1542,4),(70,1543,4),(120,1544,4),(111,1545,4),(110,1546,4),(107,1547,4),(299,1548,4),(74,1549,4),(209,1550,1),(303,1551,4),(395,1552,4),(102,1553,4),(67,1553,4),(396,1554,4),(1,1555,4),(107,1556,4),(3,1557,4),(3,1558,1),(159,1559,1),(159,1560,4),(21,1561,4),(22,1561,4),(23,1561,4),(24,1561,4),(25,1561,4),(26,1561,4),(27,1561,4),(28,1561,4),(21,1562,4),(23,1562,4),(24,1562,4),(25,1562,4),(26,1562,4),(27,1562,4),(28,1562,4),(69,1563,4),(74,1564,4),(121,1565,4),(112,1566,4),(140,1567,4),(397,1568,4),(86,1569,4),(204,1570,4),(78,1571,4),(81,1572,4),(81,1573,4),(141,1574,4),(101,1575,4),(101,1576,4),(101,1577,4),(21,1578,4),(22,1578,4),(23,1578,4),(24,1578,4),(25,1578,4),(26,1578,4),(27,1578,4),(28,1578,4),(19,1579,4),(52,1579,4),(53,1579,4),(184,1579,4),(19,1580,4),(53,1580,4),(183,1580,4),(43,1581,4),(43,1582,4),(118,1583,4),(81,1584,4),(81,1585,4),(398,1586,4),(380,1587,4),(3,1588,4),(315,1589,4),(73,1590,4),(162,1590,4),(170,1591,4),(102,1592,4),(43,1593,4),(43,1594,4),(43,1595,4),(74,1596,4),(69,1597,3),(88,1598,4),(399,1599,4),(83,1600,4),(84,1600,4),(105,1601,4),(400,1602,4),(36,1603,3),(36,1604,4),(94,1605,4),(52,1606,4),(43,1607,4),(43,1608,4),(113,1609,4),(347,1610,4),(227,1610,4),(73,1611,4),(162,1611,4),(140,1611,4),(140,1612,4),(43,1613,4),(205,1614,4),(205,1615,2),(198,1616,4),(138,1617,4),(70,1618,4),(313,1619,4),(197,1620,4),(107,1621,4),(12,1622,4),(67,1623,3),(135,1624,4),(154,1625,4),(90,1626,4),(137,1627,4),(86,1628,4),(135,1629,4),(62,1630,4),(401,1630,4),(133,1631,4),(330,1631,4),(192,1632,4),(192,1633,4),(3,1634,4),(33,1635,4),(45,1636,4),(114,1637,4),(82,1638,4),(82,1639,4),(402,1639,4),(329,1640,4),(153,1641,4),(153,1642,4),(61,1643,4),(279,1644,4),(279,1645,4),(279,1646,4),(403,1647,4),(3,1648,4),(61,1649,4),(140,1650,4),(140,1651,4),(43,1652,4),(43,1653,4),(3,1654,4),(78,1655,4),(86,1656,4),(404,1657,4),(405,1658,2),(3,1659,4),(118,1660,4),(406,1661,4),(407,1661,4),(118,1662,4),(140,1663,4),(170,1664,4),(67,1664,4),(170,1665,4),(3,1666,4),(224,1667,4),(224,1668,4),(336,1669,4),(336,1670,4),(318,1671,4),(318,1672,4),(318,1673,4),(1,1674,4),(159,1675,4),(159,1676,4),(159,1677,2),(341,1678,4),(151,1679,4),(12,1680,4),(12,1681,4),(2,1682,4),(2,1683,4),(171,1684,4),(12,1685,4),(236,1686,4),(224,1687,4),(14,1688,2),(99,1689,4),(68,1689,4),(317,1689,4),(224,1689,1),(294,1690,4),(295,1690,4),(200,1691,4),(102,1692,4),(67,1692,4),(68,1692,4),(102,1693,4),(67,1693,4),(68,1693,4),(68,1694,4),(74,1695,4),(154,1696,4),(88,1697,4),(88,1698,4),(3,1699,4),(102,1700,4),(67,1700,4),(109,1701,3),(88,1702,4),(3,1703,4),(96,1704,4),(14,1705,4),(14,1706,3),(287,1707,4),(73,1708,4),(86,1709,4),(302,1710,4),(302,1711,3),(305,1712,2),(14,1713,3),(112,1714,4),(112,1715,4),(299,1716,4),(299,1717,4),(252,1718,2),(252,1719,4),(140,1720,4),(408,1721,2),(134,1722,4),(293,1723,4),(227,1723,4),(96,1724,1),(58,1725,4),(171,1726,4),(66,1727,4),(36,1728,4),(36,1729,4),(47,1730,4),(29,1730,4),(409,1730,4),(193,1730,4),(410,1730,4),(411,1730,4),(62,1731,4),(401,1731,3),(62,1732,4),(401,1732,4),(62,1733,4),(401,1733,4),(62,1734,4),(401,1734,3),(342,1735,4),(243,1736,4),(119,1736,4),(107,1737,2),(202,1738,4),(3,1739,4),(299,1740,4),(78,1741,4),(3,1742,3),(73,1743,4),(162,1743,4),(126,1744,4),(127,1744,4),(141,1745,4),(3,1746,4),(118,1747,4),(170,1748,4),(3,1749,4),(102,1750,4),(170,1750,4)
go
insert into competitor_event VALUES (341,1751,4),(341,1752,1),(118,1753,4),(118,1754,4),(118,1755,4),(74,1756,4),(156,1757,4),(412,1757,4),(156,1758,4),(48,1759,4),(224,1759,1),(224,1760,4),(269,1761,4),(269,1762,3),(227,1763,1),(413,1763,2),(167,1763,1),(135,1764,4),(135,1765,4),(170,1766,4),(114,1766,4),(118,1767,4),(118,1768,3),(3,1769,4),(78,1770,4),(118,1771,1),(102,1772,4),(118,1773,1),(290,1774,4),(118,1775,4),(194,1776,4),(3,1777,4),(120,1778,4),(118,1779,1),(118,1780,4),(43,1781,4)
go
insert into competitor_event VALUES (118,1782,4),(118,1783,3),(118,1784,4),(121,1785,4),(162,1786,4),(73,1787,4),(162,1787,4),(118,1788,4),(105,1789,4),(118,1790,1),(118,1791,1),(118,1792,4),(414,1793,4),(118,1794,1),(118,1795,2),(137,1796,4),(138,1796,4),(118,1797,4),(118,1798,3),(118,1799,4),(118,1800,4),(12,1801,4),(3,1802,4),(90,1803,4),(415,1804,4),(102,1805,4),(102,1806,4),(7,1807,4),(11,1807,4),(9,1807,4),(10,1807,4),(7,1808,4),(11,1808,4),(9,1808,4),(7,1809,4),(11,1809,4),(9,1809,4),(10,1809,4),(14,1810,4),(61,1811,3),(82,1812,4),(158,1813,4),(334,1814,4),(29,1815,4),(416,1815,4),(108,1816,4),(169,1816,4),(109,1817,4),(14,1818,4),(134,1819,4),(150,1820,4),(150,1821,4),(150,1822,4),(67,1823,4),(300,1824,4),(417,1824,4),(418,1824,4),(300,1825,4),(417,1825,4),(418,1825,4),(300,1826,4),(417,1826,4),(418,1826,2),(300,1827,4),(417,1827,4),(418,1827,2),(300,1828,4),(417,1828,4),(300,1829,4)
go
insert into competitor_event VALUES (417,1829,4),(418,1829,4),(112,1830,4),(78,1831,4),(302,1832,4),(336,1833,4),(12,1834,4),(172,1834,4),(12,1835,4),(172,1835,4),(86,1836,4),(158,1837,4),(44,1838,2),(241,1839,1),(96,1840,4),(96,1841,1),(419,1842,4),(419,1843,4),(419,1844,4),(70,1845,2),(70,1846,4),(276,1847,4),(96,1848,2),(51,1849,4),(51,1850,4),(420,1851,4),(420,1852,4),(396,1853,4),(304,1854,4),(187,1855,4),(243,1856,4),(119,1856,4),(3,1857,4),(102,1858,4),(170,1858,4),(350,1859,4),(350,1860,4),(134,1861,4),(12,1862,4),(13,1862,4),(12,1863,4),(172,1863,4),(13,1863,4),(148,1864,4),(347,1865,4),(421,1865,4),(354,1866,4),(43,1867,2),(43,1868,3),(45,1869,4),(45,1870,2),(45,1871,3),(45,1872,3),(378,1873,4),(51,1874,2),(118,1875,4),(96,1876,4),(153,1877,4),(202,1878,4),(117,1879,4),(117,1880,4),(422,1881,4),(117,1882,4),(50,1882,4),(50,1883,4),(423,1884,4),(423,1885,4),(123,1886,2),(78,1887,4),(125,1888,2),(259,1889,3),(259,1890,4),(12,1891,4),(172,1891,4),(424,1891,4),(424,1892,4),(21,1893,4),(22,1893,2),(23,1893,2),(24,1893,4),(25,1893,4),(26,1893,4),(27,1893,4),(28,1893,4),(21,1894,4),(22,1894,1),(23,1894,1),(24,1894,4),(25,1894,4),(26,1894,4),(27,1894,4),(28,1894,4),(114,1895,4),(141,1895,4),(21,1896,4),(22,1896,3),(23,1896,4),(24,1896,4),(25,1896,4),(26,1896,4),(27,1896,4),(28,1896,4),(243,1897,4),(119,1897,4),(201,1898,3),(67,1899,4),(96,1900,3),(132,1901,4),(141,1902,4),(141,1903,4),(74,1904,4),(14,1905,4),(14,1906,4),(300,1907,4),(417,1907,4),(300,1908,4),(417,1908,4),(278,1909,4),(339,1910,2),(339,1911,1),(303,1912,1),(339,1913,1),(425,1914,1),(303,1915,4),(303,1916,4),(303,1917,4),(201,1918,1),(426,1919,4),(389,1920,4),(114,1921,4),(141,1921,1),(413,1922,4),(313,1922,4),(209,1923,4),(3,1924,4),(196,1925,4),(282,1925,4),(51,1926,4),(51,1927,4),(427,1928,4),(287,1929,4),(162,1930,4),(73,1931,4),(400,1932,4),(400,1933,4),(400,1934,3),(117,1935,4),(159,1936,4),(159,1937,4),(120,1938,4),(3,1939,4),(171,1940,4),(46,1941,4),(74,1942,4),(109,1943,4),(254,1944,4),(254,1945,4),(254,1946,4),(86,1947,4),(33,1948,4),(34,1948,4),(33,1949,4),(34,1949,4),(161,1950,4),(161,1951,4),(22,1952,4),(27,1952,4),(190,1953,4),(216,1953,4),(101,1954,4),(101,1955,4),(101,1956,4),(33,1957,4),(34,1957,4),(32,1958,4),(33,1958,4),(34,1958,4),(159,1959,4),(1,1960,2),(428,1961,2),(363,1961,4),(3,1962,4),(288,1963,2),(288,1964,3),(288,1965,4),(429,1965,1),(165,1966,4),(165,1967,4),(430,1968,4),(140,1969,4),(431,1970,1),(299,1971,4),(299,1972,4),(144,1973,4),(177,1973,4),(64,1973,4),(144,1974,4),(177,1974,4),(64,1974,4),(144,1975,4),(177,1975,4),(64,1975,1),(144,1976,4),(177,1976,4),(64,1976,4),(3,1977,4),(300,1978,4),(417,1978,4),(102,1979,4),(170,1979,4),(67,1979,4),(176,1980,4),(227,1980,4),(165,1980,4),(167,1980,4),(1,1981,4),(205,1982,3),(102,1983,4),(170,1983,4),(102,1984,4),(67,1984,4),(155,1985,4),(432,1986,4),(191,1987,4),(3,1988,3),(55,1989,4),(3,1990,4),(201,1991,1),(201,1992,1),(201,1993,2),(109,1994,4),(3,1995,2),(187,1996,4),(187,1997,4),(147,1998,4),(157,1999,4),(179,2000,4),(179,2001,4),(36,2002,4),(67,2003,3),(69,2004,4),(13,2005,4),(12,2006,4),(13,2006,4),(179,2006,1),(188,2007,4),(168,2008,4),(168,2009,4),(71,2010,4),(190,2011,4),(216,2011,4),(114,2012,4),(67,2012,4),(141,2012,4),(114,2013,4),(141,2013,2),(113,2014,4),(141,2014,4),(113,2015,3),(141,2015,3),(86,2016,4),(433,2017,4),(170,2018,4),(114,2018,4),(67,2018,4),(141,2018,4),(201,2019,4),(93,2020,2),(198,2021,4),(198,2022,3),(13,2023,4),(74,2024,4),(88,2025,4),(173,2026,4),(174,2026,4),(188,2027,1),(245,2028,4),(434,2029,3),(434,2030,4),(118,2031,4),(118,2032,4),(65,2033,4),(15,2034,4),(291,2034,4),(334,2035,4),(14,2036,4),(260,2037,4),(261,2037,4),(118,2038,4),(118,2039,4),(118,2040,4),(56,2041,4),(103,2041,4),(104,2041,4),(198,2042,4),(89,2043,4),(140,2044,4),(140,2045,4),(121,2046,4),(415,2047,4),(163,2048,4),(163,2049,4),(93,2050,4),(93,2051,2),(93,2052,4),(74,2053,4),(435,2053,4),(17,2054,4),(94,2055,4),(48,2056,4),(70,2057,4),(70,2058,4),(63,2059,4),(11,2059,4),(8,2059,4),(10,2059,4),(103,2060,4),(56,2061,4),(103,2061,4),(436,2062,4),(294,2063,4),(51,2064,4),(233,2065,4),(437,2066,4),(437,2067,4),(144,2068,4),(71,2069,4),(390,2070,1),(390,2071,2),(333,2072,1),(251,2073,4),(251,2074,4),(63,2075,4),(221,2076,4),(55,2077,1),(15,2078,4),(291,2078,4),(106,2078,4),(339,2079,4),(197,2080,4),(197,2081,4),(14,2082,4),(278,2083,4),(124,2084,4),(274,2085,4),(188,2086,4),(93,2087,4),(438,2088,4),(438,2089,1),(301,2090,4),(159,2091,1),(334,2092,4),(187,2093,4),(18,2094,4),(308,2094,4),(310,2094,2),(308,2095,4),(310,2095,3),(18,2096,4),(439,2096,3),(440,2096,4),(308,2096,3),(441,2096,1),(175,2097,4),(175,2098,4),(175,2099,4),(175,2100,4),(189,2101,4),(188,2102,4),(89,2103,4),(311,2104,4),(279,2105,4),(38,2106,4),(38,2107,4),(74,2108,4),(203,2108,4),(171,2109,3),(63,2110,4),(8,2110,4),(56,2111,4),(103,2111,4),(56,2112,4),(103,2112,1),(438,2113,2),(277,2114,4),(71,2115,4),(71,2116,2),(152,2117,4),(151,2117,4),(45,2118,3),(82,2119,4),(82,2120,4),(119,2121,4),(243,2122,4),(119,2122,4),(157,2123,4),(157,2124,4),(125,2125,4),(48,2126,4),(153,2127,3),(95,2128,4),(95,2129,4),(406,2130,4),(176,2131,4),(176,2132,4),(118,2133,1),(44,2134,4),(93,2135,4),(93,2136,4),(118,2137,1),(118,2138,4),(179,2139,4),(208,2140,4),(209,2140,4),(210,2140,4),(211,2140,4),(212,2140,4),(213,2140,4),(21,2141,4),(67,2142,4),(3,2143,4),(14,2144,4),(14,2145,4),(14,2146,4),(55,2147,4),(55,2148,4),(113,2149,1),(113,2150,4),(141,2150,4),(99,2151,4),(300,2152,4),(417,2152,4),(43,2153,1),(3,2154,4),(43,2155,1),(12,2156,4),(172,2156,4),(13,2156,4),(279,2157,4),(344,2158,4),(13,2159,1),(159,2160,2),(159,2161,3),(275,2162,4),(16,2163,4),(341,2163,4),(187,2164,4),(259,2165,4),(259,2166,4),(265,2167,4),(242,2167,4),(80,2168,4),(81,2169,4),(258,2170,4),(258,2171,4),(65,2172,4),(134,2173,4),(133,2174,4),(29,2175,4),(29,2176,4),(254,2177,4),(254,2178,4),(228,2178,4),(163,2179,4),(163,2180,4),(157,2181,2),(157,2182,3),(260,2183,4),(123,2184,3),(1,2185,4),(67,2186,4),(102,2187,4),(67,2187,4),(171,2188,4),(162,2189,4),(278,2190,4),(29,2191,4),(3,2192,4),(62,2193,4),(401,2193,4),(140,2194,4),(114,2195,4),(67,2195,4),(114,2196,4),(67,2196,4),(13,2197,4),(432,2198,2),(336,2199,4),(68,2200,4),(3,2201,3),(149,2202,4),(36,2203,4),(228,2204,4),(67,2205,4),(15,2206,4),(291,2206,4),(378,2207,4),(3,2208,4),(56,2209,4),(57,2209,4),(58,2209,4),(149,2209,4),(103,2210,4),(57,2210,4),(58,2210,4),(149,2210,4),(307,2211,4),(235,2212,4),(303,2213,4),(303,2214,4),(442,2215,3),(176,2216,4),(293,2216,4),(227,2216,4),(167,2216,4),(265,2217,4),(242,2217,3),(107,2218,4),(102,2219,4),(67,2219,3),(102,2220,4),(67,2220,1),(158,2221,4),(3,2222,4),(12,2223,4),(172,2223,4),(336,2223,4),(275,2224,4),(102,2225,4),(170,2225,4),(67,2225,4),(96,2226,3),(96,2227,4),(156,2228,4),(412,2228,4),(156,2229,4),(412,2229,4),(347,2230,4),(348,2230,4),(367,2230,4),(167,2230,3),(42,2231,4),(175,2232,4),(345,2233,4),(176,2234,4),(140,2235,4),(140,2236,4),(101,2237,4),(101,2238,4),(12,2239,4),(3,2240,4),(340,2241,4),(380,2242,4),(159,2243,4),(118,2244,4),(45,2245,4),(162,2246,4),(170,2247,4),(343,2248,2),(109,2249,4),(274,2250,4),(187,2251,3),(79,2252,4),(113,2253,4),(141,2253,4),(117,2254,4),(3,2255,4),(141,2256,4),(141,2257,4),(114,2258,4),(86,2259,4),(443,2260,4),(3,2261,4),(224,2262,4),(224,2263,4),(224,2264,4),(56,2265,4),(103,2265,4),(149,2265,4),(56,2266,4),(103,2266,4),(163,2267,4),(102,2268,4),(141,2268,4),(12,2269,4),(86,2270,4),(158,2271,4),(115,2272,4),(3,2273,4),(163,2274,4),(163,2275,4),(73,2276,4),(152,2277,4),(151,2277,4),(117,2278,4),(3,2279,4),(3,2280,4),(198,2281,4),(198,2282,4),(66,2283,4),(53,2284,4),(66,2285,4),(105,2286,4),(146,2286,4),(52,2286,4),(105,2287,4),(114,2288,4),(141,2288,4),(170,2289,4),(89,2290,4),(443,2291,4),(66,2292,4),(443,2292,4),(176,2293,4),(3,2294,4),(175,2295,4),(175,2296,4),(175,2297,4),(175,2298,4),(175,2299,3),(175,2300,4),(62,2301,4),(401,2301,4),(102,2302,4),(67,2302,4),(56,2303,4),(103,2303,4),(56,2304,4),(103,2304,4),(56,2305,4),(103,2305,4),(64,2306,4),(135,2307,4),(145,2308,4),(147,2309,4),(76,2310,4),(117,2311,4)


